{"norm_min": {"XFEL.DIAG/BPM/BPME.2369.SA1/Y.SA1": 0.006565562266548686, "XFEL.DIAG/BPM/BPME.2278.SA1/Y.SA1": 0.07266388569027807, "XFEL.DIAG/BPM/BPME.2381.SA1/Y.SA1": -0.0054704247003806595, "XFEL.DIAG/BPM/BPME.2448.SA1/Y.SA1": 0.05509731350738149, "XFEL.DIAG/BPM/BPME.2302.SA1/Y.SA1": 0.04073328971316223, "XFEL.DIAG/BPM/BPME.2448.SA1/X.SA1": 0.02911949431327334, "XFEL.FEL/XGM/XGM.2643.T9/Y.SA1.TD": -28.547808515870884, "XFEL.DIAG/BPM/BPME.2430.SA1/X.SA1": 0.0854095726451639, "XFEL.DIAG/BPM/BPME.2290.SA1/Y.SA1": 0.056337276827770726, "XFEL.DIAG/BPM/BPME.2400.SA1/X.SA1": 0.05591350794431579, "XFEL.DIAG/BPM/BPME.2369.SA1/X.SA1": -0.0034298666616280928, "XFEL.DIAG/BPM/BPME.2430.SA1/Y.SA1": 0.04950806298094433, "XFEL.DIAG/BPM/BPME.2363.SA1/Y.SA1": 0.005195860210488639, "XFEL.DIAG/BPM/BPME.2436.SA1/X.SA1": 0.06486640024733722, "XFEL.DIAG/BPM/BPME.2381.SA1/X.SA1": 0.049183042940293194, "XFEL.DIAG/BPM/BPME.2442.SA1/Y.SA1": 0.07078287749383344, "XFEL.DIAG/BPM/BPME.2290.SA1/X.SA1": -0.027747549252907018, "XFEL.UTIL/HIGH_LEVEL_STATUS/PHOTON_ENERGY.SA1/PHOTON_ENERGY_INPUT_1": 8628.077898557034, "XFEL.DIAG/BPM/BPME.2278.SA1/X.SA1": -0.09029563713372402, "XFEL.DIAG/BPM/BPME.2393.SA1/X.SA1": 0.03892193743621526, "XFEL.DIAG/BPM/BPME.2400.SA1/Y.SA1": -0.04242744697713326, "XFEL.DIAG/BPM/BPME.2393.SA1/Y.SA1": -0.01071022836047497, "XFEL.DIAG/BEAM_ENERGY_MEASUREMENT/T4/ENERGY.SA1": 16183.903201914973, "XFEL.DIAG/BPM/BPME.2302.SA1/X.SA1": -0.018556198464916546, "XFEL.FEL/XGM/XGM.2643.T9/X.SA1.TD": -4.209257840121479, "XFEL.DIAG/BPM/BPME.2320.SA1/X.SA1": -0.008931020572386705, "XFEL.DIAG/BPM/BPME.2363.SA1/X.SA1": 0.010372631244402285, "XFEL.DIAG/BPM/BPME.2320.SA1/Y.SA1": 0.03705309682571023, "XFEL.FEL/XGM/XGM.2643.T9/INTENSITY.SA1.TD": -350.0260395549745, "XFEL.DIAG/BPM/BPME.2436.SA1/Y.SA1": 0.048352437888679364, "XFEL.DIAG/BPM/BPME.2442.SA1/X.SA1": 0.06082714896166626, "XFEL.UTIL/DYNPROP/BEAM_PREDICT.SA1/SKEWNESS_X_MEASUREMENT": -0.33609101411485964, "XFEL.UTIL/DYNPROP/BEAM_PREDICT.SA1/BEAMSIZE_X_MEASUREMENT": -4.505001394136657, "XFEL.UTIL/DYNPROP/BEAM_PREDICT.SA1/SKEWNESS_Y_MEASUREMENT": 0.2711776927487233, "XFEL.UTIL/DYNPROP/BEAM_PREDICT.SA1/COM_Y_MEASUREMENT": 414.8080668897098, "XFEL.UTIL/DYNPROP/BEAM_PREDICT.SA1/KURTOSIS_X_MEASUREMENT": 1.1149041094461394, "XFEL.UTIL/DYNPROP/BEAM_PREDICT.SA1/COM_X_MEASUREMENT": 1230.8800991079515, "XFEL.UTIL/DYNPROP/BEAM_PREDICT.SA1/BEAMSIZE_Y_MEASUREMENT": 6.76009405552782, "XFEL.UTIL/DYNPROP/BEAM_PREDICT.SA1/KURTOSIS_Y_MEASUREMENT": 1.2251418327337633}, "norm_max": {"XFEL.DIAG/BPM/BPME.2369.SA1/Y.SA1": 0.08532264195040841, "XFEL.DIAG/BPM/BPME.2278.SA1/Y.SA1": 0.1692768883332548, "XFEL.DIAG/BPM/BPME.2381.SA1/Y.SA1": 0.08819951843083033, "XFEL.DIAG/BPM/BPME.2448.SA1/Y.SA1": 0.16865286053818127, "XFEL.DIAG/BPM/BPME.2302.SA1/Y.SA1": 0.1576536551172554, "XFEL.DIAG/BPM/BPME.2448.SA1/X.SA1": 0.14432638609978207, "XFEL.FEL/XGM/XGM.2643.T9/Y.SA1.TD": 26.562228515870885, "XFEL.DIAG/BPM/BPME.2430.SA1/X.SA1": 0.20894547708418335, "XFEL.DIAG/BPM/BPME.2290.SA1/Y.SA1": 0.16263049619249675, "XFEL.DIAG/BPM/BPME.2400.SA1/X.SA1": 0.15540775656107056, "XFEL.DIAG/BPM/BPME.2369.SA1/X.SA1": 0.12618324466546377, "XFEL.DIAG/BPM/BPME.2430.SA1/Y.SA1": 0.14726609192056017, "XFEL.DIAG/BPM/BPME.2363.SA1/Y.SA1": 0.10320364272253672, "XFEL.DIAG/BPM/BPME.2436.SA1/X.SA1": 0.17570900272774517, "XFEL.DIAG/BPM/BPME.2381.SA1/X.SA1": 0.1668540963562385, "XFEL.DIAG/BPM/BPME.2442.SA1/Y.SA1": 0.16756033153441058, "XFEL.DIAG/BPM/BPME.2290.SA1/X.SA1": 0.058082468943992833, "XFEL.UTIL/HIGH_LEVEL_STATUS/PHOTON_ENERGY.SA1/PHOTON_ENERGY_INPUT_1": 11211.922101442966, "XFEL.DIAG/BPM/BPME.2278.SA1/X.SA1": 0.014982970538741872, "XFEL.DIAG/BPM/BPME.2393.SA1/X.SA1": 0.15311036995018304, "XFEL.DIAG/BPM/BPME.2400.SA1/Y.SA1": 0.10153074963473747, "XFEL.DIAG/BPM/BPME.2393.SA1/Y.SA1": 0.09805094835835781, "XFEL.DIAG/BEAM_ENERGY_MEASUREMENT/T4/ENERGY.SA1": 16204.234493397527, "XFEL.DIAG/BPM/BPME.2302.SA1/X.SA1": 0.09073784797100862, "XFEL.FEL/XGM/XGM.2643.T9/X.SA1.TD": 8.118284640121479, "XFEL.DIAG/BPM/BPME.2320.SA1/X.SA1": 0.11772418983241173, "XFEL.DIAG/BPM/BPME.2363.SA1/X.SA1": 0.12349539250876392, "XFEL.DIAG/BPM/BPME.2320.SA1/Y.SA1": 0.13610756791151435, "XFEL.FEL/XGM/XGM.2643.T9/INTENSITY.SA1.TD": 2956.2697355549744, "XFEL.DIAG/BPM/BPME.2436.SA1/Y.SA1": 0.16621777149528516, "XFEL.DIAG/BPM/BPME.2442.SA1/X.SA1": 0.1979051177624434, "XFEL.UTIL/DYNPROP/BEAM_PREDICT.SA1/SKEWNESS_X_MEASUREMENT": 2.0051250791553503, "XFEL.UTIL/DYNPROP/BEAM_PREDICT.SA1/BEAMSIZE_X_MEASUREMENT": 158.9965118599927, "XFEL.UTIL/DYNPROP/BEAM_PREDICT.SA1/SKEWNESS_Y_MEASUREMENT": 1.6898061759250187, "XFEL.UTIL/DYNPROP/BEAM_PREDICT.SA1/COM_Y_MEASUREMENT": 776.0644987690658, "XFEL.UTIL/DYNPROP/BEAM_PREDICT.SA1/KURTOSIS_X_MEASUREMENT": 5.757463092354308, "XFEL.UTIL/DYNPROP/BEAM_PREDICT.SA1/COM_X_MEASUREMENT": 1582.687363997929, "XFEL.UTIL/DYNPROP/BEAM_PREDICT.SA1/BEAMSIZE_Y_MEASUREMENT": 223.1711774708468, "XFEL.UTIL/DYNPROP/BEAM_PREDICT.SA1/KURTOSIS_Y_MEASUREMENT": 4.3315501938960885}, "no_inputs": 31, "features": ["XFEL.DIAG/BPM/BPME.2369.SA1/Y.SA1", "XFEL.DIAG/BPM/BPME.2381.SA1/Y.SA1", "XFEL.DIAG/BPM/BPME.2278.SA1/Y.SA1", "XFEL.DIAG/BPM/BPME.2448.SA1/Y.SA1", "XFEL.DIAG/BPM/BPME.2302.SA1/Y.SA1", "XFEL.DIAG/BPM/BPME.2448.SA1/X.SA1", "XFEL.FEL/XGM/XGM.2643.T9/Y.SA1.TD", "XFEL.DIAG/BPM/BPME.2430.SA1/X.SA1", "XFEL.DIAG/BPM/BPME.2290.SA1/Y.SA1", "XFEL.DIAG/BPM/BPME.2400.SA1/X.SA1", "XFEL.DIAG/BPM/BPME.2369.SA1/X.SA1", "XFEL.DIAG/BPM/BPME.2430.SA1/Y.SA1", "XFEL.DIAG/BPM/BPME.2363.SA1/Y.SA1", "XFEL.DIAG/BPM/BPME.2436.SA1/X.SA1", "XFEL.DIAG/BPM/BPME.2381.SA1/X.SA1", "XFEL.DIAG/BPM/BPME.2442.SA1/Y.SA1", "XFEL.DIAG/BPM/BPME.2290.SA1/X.SA1", "XFEL.UTIL/HIGH_LEVEL_STATUS/PHOTON_ENERGY.SA1/PHOTON_ENERGY_INPUT_1", "XFEL.DIAG/BPM/BPME.2278.SA1/X.SA1", "XFEL.DIAG/BPM/BPME.2393.SA1/X.SA1", "XFEL.DIAG/BPM/BPME.2400.SA1/Y.SA1", "XFEL.DIAG/BPM/BPME.2393.SA1/Y.SA1", "XFEL.DIAG/BEAM_ENERGY_MEASUREMENT/T4/ENERGY.SA1", "XFEL.DIAG/BPM/BPME.2302.SA1/X.SA1", "XFEL.FEL/XGM/XGM.2643.T9/X.SA1.TD", "XFEL.DIAG/BPM/BPME.2320.SA1/X.SA1", "XFEL.DIAG/BPM/BPME.2363.SA1/X.SA1", "XFEL.DIAG/BPM/BPME.2320.SA1/Y.SA1", "XFEL.FEL/XGM/XGM.2643.T9/INTENSITY.SA1.TD", "XFEL.DIAG/BPM/BPME.2436.SA1/Y.SA1", "XFEL.DIAG/BPM/BPME.2442.SA1/X.SA1"], "targets": ["XFEL.UTIL/DYNPROP/BEAM_PREDICT.SA1/SKEWNESS_X_MEASUREMENT", "XFEL.UTIL/DYNPROP/BEAM_PREDICT.SA1/BEAMSIZE_X_MEASUREMENT", "XFEL.UTIL/DYNPROP/BEAM_PREDICT.SA1/SKEWNESS_Y_MEASUREMENT", "XFEL.UTIL/DYNPROP/BEAM_PREDICT.SA1/COM_Y_MEASUREMENT", "XFEL.UTIL/DYNPROP/BEAM_PREDICT.SA1/KURTOSIS_X_MEASUREMENT", "XFEL.UTIL/DYNPROP/BEAM_PREDICT.SA1/COM_X_MEASUREMENT", "XFEL.UTIL/DYNPROP/BEAM_PREDICT.SA1/BEAMSIZE_Y_MEASUREMENT", "XFEL.UTIL/DYNPROP/BEAM_PREDICT.SA1/KURTOSIS_Y_MEASUREMENT"],