{"norm_min": {"XFEL.DIAG/BPM/BPME.2302.SA1/X.SA1": -0.018556198464916546, "XFEL.FEL/XGM/XGM.2643.T9/INTENSITY.SA1.TD": -350.02603955497517, "XFEL.DIAG/BPM/BPME.2369.SA1/Y.SA1": 0.006565562266548686, "XFEL.DIAG/BPM/BPME.2393.SA1/Y.SA1": -0.010710228360474989, "XFEL.DIAG/BPM/BPME.2393.SA1/X.SA1": 0.03892193743621524, "XFEL.DIAG/BPM/BPME.2278.SA1/X.SA1": -0.09029563713372402, "XFEL.DIAG/BPM/BPME.2302.SA1/Y.SA1": 0.04073328971316221, "XFEL.DIAG/BPM/BPME.2320.SA1/X.SA1": -0.00893102057238675, "XFEL.DIAG/BEAM_ENERGY_MEASUREMENT/T4/ENERGY.SA1": 16183.903201914973, "XFEL.DIAG/BPM/BPME.2442.SA1/Y.SA1": 0.07078287749383343, "XFEL.DIAG/BPM/BPME.2290.SA1/X.SA1": -0.02774754925290703, "XFEL.DIAG/BPM/BPME.2320.SA1/Y.SA1": 0.03705309682571022, "XFEL.DIAG/BPM/BPME.2363.SA1/X.SA1": 0.010372631244402311, "XFEL.DIAG/BPM/BPME.2430.SA1/X.SA1": 0.0854095726451639, "XFEL.DIAG/BPM/BPME.2400.SA1/X.SA1": 0.055913507944315786, "XFEL.FEL/XGM/XGM.2643.T9/X.SA1.TD": -4.20925784012148, "XFEL.UTIL/HIGH_LEVEL_STATUS/PHOTON_ENERGY.SA1/PHOTON_ENERGY_INPUT_1": 8628.077898557036, "XFEL.DIAG/BPM/BPME.2278.SA1/Y.SA1": 0.07266388569027807, "XFEL.DIAG/BPM/BPME.2436.SA1/Y.SA1": 0.04835243788867931, "XFEL.DIAG/BPM/BPME.2363.SA1/Y.SA1": 0.005195860210488635, "XFEL.DIAG/BPM/BPME.2442.SA1/X.SA1": 0.06082714896166623, "XFEL.DIAG/BPM/BPME.2436.SA1/X.SA1": 0.06486640024733722, "XFEL.DIAG/BPM/BPME.2381.SA1/Y.SA1": -0.0054704247003806595, "XFEL.FEL/XGM/XGM.2643.T9/Y.SA1.TD": -28.547808515871093, "XFEL.DIAG/BPM/BPME.2381.SA1/X.SA1": 0.04918304294029323, "XFEL.DIAG/BPM/BPME.2369.SA1/X.SA1": -0.0034298666616280372, "XFEL.DIAG/BPM/BPME.2430.SA1/Y.SA1": 0.049508062980944324, "XFEL.DIAG/BPM/BPME.2400.SA1/Y.SA1": -0.04242744697713326, "XFEL.DIAG/BPM/BPME.2448.SA1/Y.SA1": 0.05509731350738148, "XFEL.DIAG/BPM/BPME.2290.SA1/Y.SA1": 0.056337276827770705, "XFEL.DIAG/BPM/BPME.2448.SA1/X.SA1": 0.029119494313273354, "XFEL.UTIL/DYNPROP/BEAM_PREDICT.SA1/SKEWNESS_X_MEASUREMENT": -0.33609101411486, "XFEL.UTIL/DYNPROP/BEAM_PREDICT.SA1/COM_Y_MEASUREMENT": 414.8080668897098, "XFEL.UTIL/DYNPROP/BEAM_PREDICT.SA1/KURTOSIS_Y_MEASUREMENT": 1.2251418327337642, "XFEL.UTIL/DYNPROP/BEAM_PREDICT.SA1/SKEWNESS_Y_MEASUREMENT": 0.2711776927487237, "XFEL.UTIL/DYNPROP/BEAM_PREDICT.SA1/BEAMSIZE_X_MEASUREMENT": -4.505001394136646, "XFEL.UTIL/DYNPROP/BEAM_PREDICT.SA1/BEAMSIZE_Y_MEASUREMENT": 6.760094055527812, "XFEL.UTIL/DYNPROP/BEAM_PREDICT.SA1/COM_X_MEASUREMENT": 1230.8800991079515, "XFEL.UTIL/DYNPROP/BEAM_PREDICT.SA1/KURTOSIS_X_MEASUREMENT": 1.114904109446138}, "norm_max": {"XFEL.DIAG/BPM/BPME.2302.SA1/X.SA1": 0.09073784797100862, "XFEL.FEL/XGM/XGM.2643.T9/INTENSITY.SA1.TD": 2956.2697355549753, "XFEL.DIAG/BPM/BPME.2369.SA1/Y.SA1": 0.08532264195040841, "XFEL.DIAG/BPM/BPME.2393.SA1/Y.SA1": 0.09805094835835783, "XFEL.DIAG/BPM/BPME.2393.SA1/X.SA1": 0.15311036995018307, "XFEL.DIAG/BPM/BPME.2278.SA1/X.SA1": 0.014982970538741862, "XFEL.DIAG/BPM/BPME.2302.SA1/Y.SA1": 0.15765365511725543, "XFEL.DIAG/BPM/BPME.2320.SA1/X.SA1": 0.11772418983241177, "XFEL.DIAG/BEAM_ENERGY_MEASUREMENT/T4/ENERGY.SA1": 16204.234493397527, "XFEL.DIAG/BPM/BPME.2442.SA1/Y.SA1": 0.16756033153441058, "XFEL.DIAG/BPM/BPME.2290.SA1/X.SA1": 0.05808246894399284, "XFEL.DIAG/BPM/BPME.2320.SA1/Y.SA1": 0.13610756791151435, "XFEL.DIAG/BPM/BPME.2363.SA1/X.SA1": 0.12349539250876389, "XFEL.DIAG/BPM/BPME.2430.SA1/X.SA1": 0.20894547708418335, "XFEL.DIAG/BPM/BPME.2400.SA1/X.SA1": 0.15540775656107056, "XFEL.FEL/XGM/XGM.2643.T9/X.SA1.TD": 8.11828464012148, "XFEL.UTIL/HIGH_LEVEL_STATUS/PHOTON_ENERGY.SA1/PHOTON_ENERGY_INPUT_1": 11211.922101442964, "XFEL.DIAG/BPM/BPME.2278.SA1/Y.SA1": 0.1692768883332548, "XFEL.DIAG/BPM/BPME.2436.SA1/Y.SA1": 0.16621777149528522, "XFEL.DIAG/BPM/BPME.2363.SA1/Y.SA1": 0.10320364272253672, "XFEL.DIAG/BPM/BPME.2442.SA1/X.SA1": 0.19790511776244343, "XFEL.DIAG/BPM/BPME.2436.SA1/X.SA1": 0.17570900272774517, "XFEL.DIAG/BPM/BPME.2381.SA1/Y.SA1": 0.08819951843083033, "XFEL.FEL/XGM/XGM.2643.T9/Y.SA1.TD": 26.562228515871094, "XFEL.DIAG/BPM/BPME.2381.SA1/X.SA1": 0.16685409635623843, "XFEL.DIAG/BPM/BPME.2369.SA1/X.SA1": 0.1261832446654637, "XFEL.DIAG/BPM/BPME.2430.SA1/Y.SA1": 0.1472660919205602, "XFEL.DIAG/BPM/BPME.2400.SA1/Y.SA1": 0.10153074963473747, "XFEL.DIAG/BPM/BPME.2448.SA1/Y.SA1": 0.16865286053818127, "XFEL.DIAG/BPM/BPME.2290.SA1/Y.SA1": 0.16263049619249678, "XFEL.DIAG/BPM/BPME.2448.SA1/X.SA1": 0.14432638609978207, "XFEL.UTIL/DYNPROP/BEAM_PREDICT.SA1/SKEWNESS_X_MEASUREMENT": 2.0051250791553508, "XFEL.UTIL/DYNPROP/BEAM_PREDICT.SA1/COM_Y_MEASUREMENT": 776.064498769066, "XFEL.UTIL/DYNPROP/BEAM_PREDICT.SA1/KURTOSIS_Y_MEASUREMENT": 4.331550193896088, "XFEL.UTIL/DYNPROP/BEAM_PREDICT.SA1/SKEWNESS_Y_MEASUREMENT": 1.6898061759250183, "XFEL.UTIL/DYNPROP/BEAM_PREDICT.SA1/BEAMSIZE_X_MEASUREMENT": 158.9965118599927, "XFEL.UTIL/DYNPROP/BEAM_PREDICT.SA1/BEAMSIZE_Y_MEASUREMENT": 223.1711774708468, "XFEL.UTIL/DYNPROP/BEAM_PREDICT.SA1/COM_X_MEASUREMENT": 1582.687363997929, "XFEL.UTIL/DYNPROP/BEAM_PREDICT.SA1/KURTOSIS_X_MEASUREMENT": 5.7574630923543095}, "no_inputs": 31, "features": ["XFEL.DIAG/BPM/BPME.2302.SA1/X.SA1", "XFEL.FEL/XGM/XGM.2643.T9/INTENSITY.SA1.TD", "XFEL.DIAG/BPM/BPME.2369.SA1/Y.SA1", "XFEL.DIAG/BPM/BPME.2393.SA1/Y.SA1", "XFEL.DIAG/BPM/BPME.2393.SA1/X.SA1", "XFEL.DIAG/BPM/BPME.2278.SA1/X.SA1", "XFEL.DIAG/BPM/BPME.2302.SA1/Y.SA1", "XFEL.DIAG/BPM/BPME.2320.SA1/X.SA1", "XFEL.DIAG/BEAM_ENERGY_MEASUREMENT/T4/ENERGY.SA1", "XFEL.DIAG/BPM/BPME.2442.SA1/Y.SA1", "XFEL.DIAG/BPM/BPME.2290.SA1/X.SA1", "XFEL.DIAG/BPM/BPME.2320.SA1/Y.SA1", "XFEL.DIAG/BPM/BPME.2363.SA1/X.SA1", "XFEL.DIAG/BPM/BPME.2430.SA1/X.SA1", "XFEL.FEL/XGM/XGM.2643.T9/X.SA1.TD", "XFEL.DIAG/BPM/BPME.2400.SA1/X.SA1", "XFEL.UTIL/HIGH_LEVEL_STATUS/PHOTON_ENERGY.SA1/PHOTON_ENERGY_INPUT_1", "XFEL.DIAG/BPM/BPME.2278.SA1/Y.SA1", "XFEL.DIAG/BPM/BPME.2436.SA1/Y.SA1", "XFEL.DIAG/BPM/BPME.2363.SA1/Y.SA1", "XFEL.DIAG/BPM/BPME.2442.SA1/X.SA1", "XFEL.DIAG/BPM/BPME.2436.SA1/X.SA1", "XFEL.DIAG/BPM/BPME.2381.SA1/Y.SA1", "XFEL.FEL/XGM/XGM.2643.T9/Y.SA1.TD", "XFEL.DIAG/BPM/BPME.2381.SA1/X.SA1", "XFEL.DIAG/BPM/BPME.2369.SA1/X.SA1", "XFEL.DIAG/BPM/BPME.2430.SA1/Y.SA1", "XFEL.DIAG/BPM/BPME.2400.SA1/Y.SA1", "XFEL.DIAG/BPM/BPME.2448.SA1/Y.SA1", "XFEL.DIAG/BPM/BPME.2290.SA1/Y.SA1", "XFEL.DIAG/BPM/BPME.2448.SA1/X.SA1"], "targets": ["XFEL.UTIL/DYNPROP/BEAM_PREDICT.SA1/SKEWNESS_X_MEASUREMENT", "XFEL.UTIL/DYNPROP/BEAM_PREDICT.SA1/SKEWNESS_Y_MEASUREMENT", "XFEL.UTIL/DYNPROP/BEAM_PREDICT.SA1/COM_Y_MEASUREMENT", "XFEL.UTIL/DYNPROP/BEAM_PREDICT.SA1/KURTOSIS_Y_MEASUREMENT", "XFEL.UTIL/DYNPROP/BEAM_PREDICT.SA1/BEAMSIZE_X_MEASUREMENT", "XFEL.UTIL/DYNPROP/BEAM_PREDICT.SA1/BEAMSIZE_Y_MEASUREMENT", "XFEL.UTIL/DYNPROP/BEAM_PREDICT.SA1/COM_X_MEASUREMENT", "XFEL.UTIL/DYNPROP/BEAM_PREDICT.SA1/KURTOSIS_X_MEASUREMENT"],