{"norm_min": {"XFEL.DIAG/BPM/BPME.2430.SA1/X.SA1": -0.1633325835416437, "XFEL.DIAG/BPM/BPME.2442.SA1/Y.SA1": -0.0795946379214709, "XFEL.DIAG/BPM/BPME.2278.SA1/Y.SA1": -0.16891433361362626, "XFEL.DIAG/BPM/BPME.2278.SA1/X.SA1": -0.04253791281973802, "XFEL.DIAG/BPM/BPME.2369.SA1/X.SA1": -0.1167068777970347, "XFEL.DIAG/BPM/BPME.2448.SA1/Y.SA1": -0.27336281093645004, "XFEL.FEL/XGM.POSMON/XGM.2643.T9/IX.POS": 2.0468140260490153, "XFEL.DIAG/BEAM_ENERGY_MEASUREMENT/T4/ENERGY.SA1": 13661.734675510435, "XFEL.UTIL/HIGH_LEVEL_STATUS/PHOTON_ENERGY.SA1/PHOTON_ENERGY_INPUT_1": 6065.073279852121, "XFEL.DIAG/BPM/BPME.2436.SA1/X.SA1": -0.10970383437408529, "XFEL.DIAG/BPM/BPME.2302.SA1/X.SA1": -0.0904473940361993, "XFEL.DIAG/BPM/BPME.2400.SA1/Y.SA1": 0.07227388299793604, "XFEL.FEL/XGM.POSMON/XGM.2643.T9/IY.POS": -0.08941850815085711, "XFEL.DIAG/BPM/BPME.2320.SA1/Y.SA1": -0.035423796586839223, "XFEL.DIAG/BPM/BPME.2369.SA1/Y.SA1": 0.031096674314432873, "XFEL.DIAG/BPM/BPME.2448.SA1/X.SA1": -0.13331966265177497, "XFEL.DIAG/BPM/BPME.2400.SA1/X.SA1": 0.004862698038683878, "XFEL.FEL/XGM/XGM.2643.T9/INTENSITY.SA1.TD": -1141.2243957434043, "XFEL.DIAG/BPM/BPME.2363.SA1/Y.SA1": 0.006343366437272921, "XFEL.DIAG/BPM/BPME.2381.SA1/Y.SA1": 0.0601607401225027, "XFEL.DIAG/BPM/BPME.2430.SA1/Y.SA1": 0.07639083755815397, "XFEL.DIAG/BPM/BPME.2436.SA1/Y.SA1": -0.01746674270204331, "XFEL.DIAG/BPM/BPME.2393.SA1/Y.SA1": 0.08109631158310748, "XFEL.DIAG/BPM/BPME.2381.SA1/X.SA1": -0.131016254404276, "XFEL.DIAG/BPM/BPME.2442.SA1/X.SA1": -0.053943137844828654, "XFEL.DIAG/BPM/BPME.2290.SA1/Y.SA1": -0.12389313064444449, "XFEL.DIAG/BPM/BPME.2393.SA1/X.SA1": -0.06674288789415599, "XFEL.DIAG/BPM/BPME.2302.SA1/Y.SA1": -0.0871218428765463, "XFEL.DIAG/BPM/BPME.2363.SA1/X.SA1": -0.10980334716117832, "XFEL.DIAG/BPM/BPME.2290.SA1/X.SA1": -0.09756623845636166, "XFEL.DIAG/BPM/BPME.2320.SA1/X.SA1": -0.1292090393421884, "XFEL.UTIL/DYNPROP/BEAM_PREDICT.SA1/BEAMSIZE_Y_MEASUREMENT": 21.855143253447984, "XFEL.UTIL/DYNPROP/BEAM_PREDICT.SA1/BEAMSIZE_X_MEASUREMENT": 16.643141558330505, "XFEL.UTIL/DYNPROP/BEAM_PREDICT.SA1/COM_Y_MEASUREMENT": 456.1415690202686, "XFEL.UTIL/DYNPROP/BEAM_PREDICT.SA1/COM_X_MEASUREMENT": 1324.3373115636075}, "norm_max": {"XFEL.DIAG/BPM/BPME.2430.SA1/X.SA1": -0.018650738363492403, "XFEL.DIAG/BPM/BPME.2442.SA1/Y.SA1": 0.07249191003145625, "XFEL.DIAG/BPM/BPME.2278.SA1/Y.SA1": 0.048704773815385606, "XFEL.DIAG/BPM/BPME.2278.SA1/X.SA1": 0.12210462996756517, "XFEL.DIAG/BPM/BPME.2369.SA1/X.SA1": 0.08951953038492533, "XFEL.DIAG/BPM/BPME.2448.SA1/Y.SA1": 0.024506385651110688, "XFEL.FEL/XGM.POSMON/XGM.2643.T9/IX.POS": 3.757428584882381, "XFEL.DIAG/BEAM_ENERGY_MEASUREMENT/T4/ENERGY.SA1": 14201.988957302065, "XFEL.UTIL/HIGH_LEVEL_STATUS/PHOTON_ENERGY.SA1/PHOTON_ENERGY_INPUT_1": 10523.05172014788, "XFEL.DIAG/BPM/BPME.2436.SA1/X.SA1": 0.02321248801483236, "XFEL.DIAG/BPM/BPME.2302.SA1/X.SA1": 0.07623821296587154, "XFEL.DIAG/BPM/BPME.2400.SA1/Y.SA1": 0.28349168323188423, "XFEL.FEL/XGM.POSMON/XGM.2643.T9/IY.POS": 1.1973679475870544, "XFEL.DIAG/BPM/BPME.2320.SA1/Y.SA1": 0.08232096206411507, "XFEL.DIAG/BPM/BPME.2369.SA1/Y.SA1": 0.21488802898795054, "XFEL.DIAG/BPM/BPME.2448.SA1/X.SA1": 0.042972283205745324, "XFEL.DIAG/BPM/BPME.2400.SA1/X.SA1": 0.1755332627691164, "XFEL.FEL/XGM/XGM.2643.T9/INTENSITY.SA1.TD": 5642.835155743404, "XFEL.DIAG/BPM/BPME.2363.SA1/Y.SA1": 0.22717810995070467, "XFEL.DIAG/BPM/BPME.2381.SA1/Y.SA1": 0.24859424044161474, "XFEL.DIAG/BPM/BPME.2430.SA1/Y.SA1": 0.2249339322963916, "XFEL.DIAG/BPM/BPME.2436.SA1/Y.SA1": 0.16354264707139757, "XFEL.DIAG/BPM/BPME.2393.SA1/Y.SA1": 0.2572349556545558, "XFEL.DIAG/BPM/BPME.2381.SA1/X.SA1": 0.11748036740133107, "XFEL.DIAG/BPM/BPME.2442.SA1/X.SA1": 0.11550308318975358, "XFEL.DIAG/BPM/BPME.2290.SA1/Y.SA1": 0.09234497331011679, "XFEL.DIAG/BPM/BPME.2393.SA1/X.SA1": 0.1431482342877412, "XFEL.DIAG/BPM/BPME.2302.SA1/Y.SA1": 0.09040896453010312, "XFEL.DIAG/BPM/BPME.2363.SA1/X.SA1": 0.06639353769100162, "XFEL.DIAG/BPM/BPME.2290.SA1/X.SA1": 0.0879419584208659, "XFEL.DIAG/BPM/BPME.2320.SA1/X.SA1": 0.10693357659556821, "XFEL.UTIL/DYNPROP/BEAM_PREDICT.SA1/BEAMSIZE_Y_MEASUREMENT": 110.12676095648642, "XFEL.UTIL/DYNPROP/BEAM_PREDICT.SA1/BEAMSIZE_X_MEASUREMENT": 143.6063243896596, "XFEL.UTIL/DYNPROP/BEAM_PREDICT.SA1/COM_Y_MEASUREMENT": 599.3934413996059, "XFEL.UTIL/DYNPROP/BEAM_PREDICT.SA1/COM_X_MEASUREMENT": 1459.7184641402455}, "no_inputs": 31, "features": ["XFEL.DIAG/BPM/BPME.2430.SA1/X.SA1", "XFEL.DIAG/BPM/BPME.2442.SA1/Y.SA1", "XFEL.DIAG/BPM/BPME.2278.SA1/Y.SA1", "XFEL.DIAG/BPM/BPME.2278.SA1/X.SA1", "XFEL.DIAG/BPM/BPME.2369.SA1/X.SA1", "XFEL.DIAG/BPM/BPME.2448.SA1/Y.SA1", "XFEL.FEL/XGM.POSMON/XGM.2643.T9/IX.POS", "XFEL.DIAG/BEAM_ENERGY_MEASUREMENT/T4/ENERGY.SA1", "XFEL.UTIL/HIGH_LEVEL_STATUS/PHOTON_ENERGY.SA1/PHOTON_ENERGY_INPUT_1", "XFEL.DIAG/BPM/BPME.2436.SA1/X.SA1", "XFEL.DIAG/BPM/BPME.2302.SA1/X.SA1", "XFEL.DIAG/BPM/BPME.2400.SA1/Y.SA1", "XFEL.FEL/XGM.POSMON/XGM.2643.T9/IY.POS", "XFEL.DIAG/BPM/BPME.2320.SA1/Y.SA1", "XFEL.DIAG/BPM/BPME.2369.SA1/Y.SA1", "XFEL.DIAG/BPM/BPME.2400.SA1/X.SA1", "XFEL.FEL/XGM/XGM.2643.T9/INTENSITY.SA1.TD", "XFEL.DIAG/BPM/BPME.2448.SA1/X.SA1", "XFEL.DIAG/BPM/BPME.2363.SA1/Y.SA1", "XFEL.DIAG/BPM/BPME.2381.SA1/Y.SA1", "XFEL.DIAG/BPM/BPME.2430.SA1/Y.SA1", "XFEL.DIAG/BPM/BPME.2436.SA1/Y.SA1", "XFEL.DIAG/BPM/BPME.2393.SA1/Y.SA1", "XFEL.DIAG/BPM/BPME.2381.SA1/X.SA1", "XFEL.DIAG/BPM/BPME.2442.SA1/X.SA1", "XFEL.DIAG/BPM/BPME.2290.SA1/Y.SA1", "XFEL.DIAG/BPM/BPME.2393.SA1/X.SA1", "XFEL.DIAG/BPM/BPME.2302.SA1/Y.SA1", "XFEL.DIAG/BPM/BPME.2363.SA1/X.SA1", "XFEL.DIAG/BPM/BPME.2290.SA1/X.SA1", "XFEL.DIAG/BPM/BPME.2320.SA1/X.SA1"], "targets": ["XFEL.UTIL/DYNPROP/BEAM_PREDICT.SA1/COM_X_MEASUREMENT", "XFEL.UTIL/DYNPROP/BEAM_PREDICT.SA1/BEAMSIZE_X_MEASUREMENT", "XFEL.UTIL/DYNPROP/BEAM_PREDICT.SA1/BEAMSIZE_Y_MEASUREMENT", "XFEL.UTIL/DYNPROP/BEAM_PREDICT.SA1/COM_Y_MEASUREMENT"], "inputs_outputs": ["XFEL.DIAG/BPM/BPME.2430.SA1/X.SA1", "XFEL.DIAG/BPM/BPME.2442.SA1/Y.SA1", "XFEL.DIAG/BPM/BPME.2278.SA1/Y.SA1", "XFEL.DIAG/BPM/BPME.2278.SA1/X.SA1", "XFEL.DIAG/BPM/BPME.2369.SA1/X.SA1", "XFEL.DIAG/BPM/BPME.2448.SA1/Y.SA1", "XFEL.FEL/XGM.POSMON/XGM.2643.T9/IX.POS", "XFEL.DIAG/BEAM_ENERGY_MEASUREMENT/T4/ENERGY.SA1", "XFEL.UTIL/HIGH_LEVEL_STATUS/PHOTON_ENERGY.SA1/PHOTON_ENERGY_INPUT_1", "XFEL.DIAG/BPM/BPME.2436.SA1/X.SA1", "XFEL.DIAG/BPM/BPME.2302.SA1/X.SA1", "XFEL.DIAG/BPM/BPME.2400.SA1/Y.SA1", "XFEL.FEL/XGM.POSMON/XGM.2643.T9/IY.POS", "XFEL.DIAG/BPM/BPME.2320.SA1/Y.SA1", "XFEL.DIAG/BPM/BPME.2369.SA1/Y.SA1", "XFEL.DIAG/BPM/BPME.2400.SA1/X.SA1", "XFEL.FEL/XGM/XGM.2643.T9/INTENSITY.SA1.TD", "XFEL.DIAG/BPM/BPME.2448.SA1/X.SA1", "XFEL.DIAG/BPM/BPME.2363.SA1/Y.SA1", "XFEL.DIAG/BPM/BPME.2381.SA1/Y.SA1", "XFEL.DIAG/BPM/BPME.2430.SA1/Y.SA1", "XFEL.DIAG/BPM/BPME.2436.SA1/Y.SA1", "XFEL.DIAG/BPM/BPME.2393.SA1/Y.SA1", "XFEL.DIAG/BPM/BPME.2381.SA1/X.SA1", "XFEL.DIAG/BPM/BPME.2442.SA1/X.SA1", "XFEL.DIAG/BPM/BPME.2290.SA1/Y.SA1", "XFEL.DIAG/BPM/BPME.2393.SA1/X.SA1", "XFEL.DIAG/BPM/BPME.2302.SA1/Y.SA1", "XFEL.DIAG/BPM/BPME.2363.SA1/X.SA1", "XFEL.DIAG/BPM/BPME.2290.SA1/X.SA1", "XFEL.DIAG/BPM/BPME.2320.SA1/X.SA1", "XFEL.UTIL/DYNPROP/BEAM_PREDICT.SA1/COM_X_MEASUREMENT", "XFEL.UTIL/DYNPROP/BEAM_PREDICT.SA1/BEAMSIZE_X_MEASUREMENT", "XFEL.UTIL/DYNPROP/BEAM_PREDICT.SA1/BEAMSIZE_Y_MEASUREMENT", "XFEL.UTIL/DYNPROP/BEAM_PREDICT.SA1/COM_Y_MEASUREMENT"], "run": "2024-03-11", "training_start_datetime": "12/03/2024 14:29:25", "training_stop_datetime": "12/03/2024 15:08:29", "actual_epochs": 46, "early_stopping_patience": 4, "training_R2": 0.9657906475846573, "validation_R2": 0.9943706468949227, "batch_size": 64, "learning_rate": 0.1, "hidden_layers": 1, "hidden_nodes": 128, "label": "SA1-2024-03-11", "start_time": "2024-03-12 14:29:25.469079", "stop_time": "2024-03-12 15:08:29.891087"}