{"norm_min": {"XFEL.DIAG/BPM/BPME.2430.SA1/X.SA1": -0.12040106751419997, "XFEL.DIAG/BPM/BPME.2436.SA1/X.SA1": -0.06623475535480773, "XFEL.DIAG/BPM/BPME.2363.SA1/X.SA1": -0.10540300993278048, "XFEL.DIAG/BEAM_ENERGY_MEASUREMENT/T4/ENERGY.SA1": 14065.878318834692, "XFEL.DIAG/BPM/BPME.2278.SA1/X.SA1": 0.02298462219009871, "XFEL.DIAG/BPM/BPME.2381.SA1/X.SA1": -0.09396939647467688, "XFEL.DIAG/BPM/BPME.2302.SA1/Y.SA1": -0.017363621627228543, "XFEL.DIAG/BPM/BPME.2393.SA1/Y.SA1": 0.07802888778465507, "XFEL.DIAG/BPM/BPME.2302.SA1/X.SA1": -0.03271818219099465, "XFEL.FEL/XGM.POSMON/XGM.2643.T9/IY.POS": -0.06553343646992016, "XFEL.DIAG/BPM/BPME.2290.SA1/X.SA1": -0.019096033943355732, "XFEL.DIAG/BPM/BPME.2320.SA1/Y.SA1": -0.005474908073035257, "XFEL.DIAG/BPM/BPME.2369.SA1/X.SA1": -0.11530376309158949, "XFEL.DIAG/BPM/BPME.2448.SA1/Y.SA1": -0.15612528544056264, "XFEL.DIAG/BPM/BPME.2278.SA1/Y.SA1": -0.048137018388323245, "XFEL.DIAG/BPM/BPME.2363.SA1/Y.SA1": 0.005881394978025048, "XFEL.DIAG/BPM/BPME.2442.SA1/X.SA1": 0.0039413139428562585, "XFEL.DIAG/BPM/BPME.2290.SA1/Y.SA1": -0.016951221637661447, "XFEL.DIAG/BPM/BPME.2369.SA1/Y.SA1": 0.031023706347544353, "XFEL.DIAG/BPM/BPME.2436.SA1/Y.SA1": -0.0034153653482301496, "XFEL.FEL/XGM.POSMON/XGM.2643.T9/IX.POS": 2.022040040693566, "XFEL.DIAG/BPM/BPME.2400.SA1/Y.SA1": 0.06768974578707712, "XFEL.DIAG/BPM/BPME.2430.SA1/Y.SA1": 0.08433128815102531, "XFEL.DIAG/BPM/BPME.2393.SA1/X.SA1": -0.05706134740203002, "XFEL.DIAG/BPM/BPME.2442.SA1/Y.SA1": -0.050494127776021955, "XFEL.FEL/XGM/XGM.2643.T9/INTENSITY.SA1.TD": -885.1999394603506, "XFEL.DIAG/BPM/BPME.2400.SA1/X.SA1": 0.019201659863440294, "XFEL.DIAG/BPM/BPME.2320.SA1/X.SA1": -0.07036646297945968, "XFEL.UTIL/HIGH_LEVEL_STATUS/PHOTON_ENERGY.SA1/PHOTON_ENERGY_INPUT_1": 6855.88427710697, "XFEL.DIAG/BPM/BPME.2381.SA1/Y.SA1": 0.05787943029717009, "XFEL.DIAG/BPM/BPME.2448.SA1/X.SA1": -0.06146763857778839, "XFEL.UTIL/DYNPROP/BEAM_PREDICT.SA1/COM_Y_MEASUREMENT": 500.5619412352576, "XFEL.UTIL/DYNPROP/BEAM_PREDICT.SA1/COM_X_MEASUREMENT": 1340.2329670501585, "XFEL.UTIL/DYNPROP/BEAM_PREDICT.SA1/SKEWNESS_Y_MEASUREMENT": 0.9630425089775877, "XFEL.UTIL/DYNPROP/BEAM_PREDICT.SA1/KURTOSIS_Y_MEASUREMENT": 2.2785153280567716, "XFEL.UTIL/DYNPROP/BEAM_PREDICT.SA1/KURTOSIS_X_MEASUREMENT": 2.5301273391742867, "XFEL.UTIL/DYNPROP/BEAM_PREDICT.SA1/BEAMSIZE_Y_MEASUREMENT": 28.100981278992474, "XFEL.UTIL/DYNPROP/BEAM_PREDICT.SA1/BEAMSIZE_X_MEASUREMENT": 23.484238338407604, "XFEL.UTIL/DYNPROP/BEAM_PREDICT.SA1/SKEWNESS_X_MEASUREMENT": 1.0628844835662432}, "norm_max": {"XFEL.DIAG/BPM/BPME.2430.SA1/X.SA1": -0.020568149309377903, "XFEL.DIAG/BPM/BPME.2436.SA1/X.SA1": 0.02281563265888488, "XFEL.DIAG/BPM/BPME.2363.SA1/X.SA1": 0.00858613489224933, "XFEL.DIAG/BEAM_ENERGY_MEASUREMENT/T4/ENERGY.SA1": 14095.535743665308, "XFEL.DIAG/BPM/BPME.2278.SA1/X.SA1": 0.10669404440154558, "XFEL.DIAG/BPM/BPME.2381.SA1/X.SA1": 0.01911204231055335, "XFEL.DIAG/BPM/BPME.2302.SA1/Y.SA1": 0.09343621019019394, "XFEL.DIAG/BPM/BPME.2393.SA1/Y.SA1": 0.18621896179897074, "XFEL.DIAG/BPM/BPME.2302.SA1/X.SA1": 0.05055198131475869, "XFEL.FEL/XGM.POSMON/XGM.2643.T9/IY.POS": 1.1407058049069718, "XFEL.DIAG/BPM/BPME.2290.SA1/X.SA1": 0.05933647073572939, "XFEL.DIAG/BPM/BPME.2320.SA1/Y.SA1": 0.07932264151105024, "XFEL.DIAG/BPM/BPME.2369.SA1/X.SA1": 0.014724650323416275, "XFEL.DIAG/BPM/BPME.2448.SA1/Y.SA1": -0.045045039838673195, "XFEL.DIAG/BPM/BPME.2278.SA1/Y.SA1": 0.04751355380397266, "XFEL.DIAG/BPM/BPME.2363.SA1/Y.SA1": 0.10788274205162278, "XFEL.DIAG/BPM/BPME.2442.SA1/X.SA1": 0.11399637011628681, "XFEL.DIAG/BPM/BPME.2290.SA1/Y.SA1": 0.08146599274152039, "XFEL.DIAG/BPM/BPME.2369.SA1/Y.SA1": 0.11546309754173024, "XFEL.DIAG/BPM/BPME.2436.SA1/Y.SA1": 0.11826950741804673, "XFEL.FEL/XGM.POSMON/XGM.2643.T9/IX.POS": 3.7822025702378306, "XFEL.DIAG/BPM/BPME.2400.SA1/Y.SA1": 0.2138988234964083, "XFEL.DIAG/BPM/BPME.2430.SA1/Y.SA1": 0.18500650752377557, "XFEL.DIAG/BPM/BPME.2393.SA1/X.SA1": 0.04236027900069335, "XFEL.DIAG/BPM/BPME.2442.SA1/Y.SA1": 0.04480721881567955, "XFEL.FEL/XGM/XGM.2643.T9/INTENSITY.SA1.TD": 4920.937667460351, "XFEL.DIAG/BPM/BPME.2400.SA1/X.SA1": 0.0927324655599911, "XFEL.DIAG/BPM/BPME.2320.SA1/X.SA1": 0.031316390547895354, "XFEL.UTIL/HIGH_LEVEL_STATUS/PHOTON_ENERGY.SA1/PHOTON_ENERGY_INPUT_1": 10232.24072289303, "XFEL.DIAG/BPM/BPME.2381.SA1/Y.SA1": 0.15296885645076233, "XFEL.DIAG/BPM/BPME.2448.SA1/X.SA1": 0.034465654160349884, "XFEL.UTIL/DYNPROP/BEAM_PREDICT.SA1/COM_Y_MEASUREMENT": 579.9838710436268, "XFEL.UTIL/DYNPROP/BEAM_PREDICT.SA1/COM_X_MEASUREMENT": 1460.4920672614492, "XFEL.UTIL/DYNPROP/BEAM_PREDICT.SA1/SKEWNESS_Y_MEASUREMENT": 1.2526972922649322, "XFEL.UTIL/DYNPROP/BEAM_PREDICT.SA1/KURTOSIS_Y_MEASUREMENT": 3.1389763998836635, "XFEL.UTIL/DYNPROP/BEAM_PREDICT.SA1/KURTOSIS_X_MEASUREMENT": 3.738132463312487, "XFEL.UTIL/DYNPROP/BEAM_PREDICT.SA1/BEAMSIZE_Y_MEASUREMENT": 62.21696330449138, "XFEL.UTIL/DYNPROP/BEAM_PREDICT.SA1/BEAMSIZE_X_MEASUREMENT": 50.85472441547587, "XFEL.UTIL/DYNPROP/BEAM_PREDICT.SA1/SKEWNESS_X_MEASUREMENT": 1.3490581446173266}, "no_inputs": 31, "features": ["XFEL.DIAG/BPM/BPME.2430.SA1/X.SA1", "XFEL.DIAG/BPM/BPME.2436.SA1/X.SA1", "XFEL.DIAG/BPM/BPME.2363.SA1/X.SA1", "XFEL.DIAG/BEAM_ENERGY_MEASUREMENT/T4/ENERGY.SA1", "XFEL.DIAG/BPM/BPME.2278.SA1/X.SA1", "XFEL.DIAG/BPM/BPME.2381.SA1/X.SA1", "XFEL.DIAG/BPM/BPME.2302.SA1/Y.SA1", "XFEL.DIAG/BPM/BPME.2393.SA1/Y.SA1", "XFEL.DIAG/BPM/BPME.2302.SA1/X.SA1", "XFEL.FEL/XGM.POSMON/XGM.2643.T9/IY.POS", "XFEL.DIAG/BPM/BPME.2290.SA1/X.SA1", "XFEL.DIAG/BPM/BPME.2320.SA1/Y.SA1", "XFEL.DIAG/BPM/BPME.2369.SA1/X.SA1", "XFEL.DIAG/BPM/BPME.2448.SA1/Y.SA1", "XFEL.DIAG/BPM/BPME.2278.SA1/Y.SA1", "XFEL.DIAG/BPM/BPME.2363.SA1/Y.SA1", "XFEL.DIAG/BPM/BPME.2442.SA1/X.SA1", "XFEL.DIAG/BPM/BPME.2290.SA1/Y.SA1", "XFEL.DIAG/BPM/BPME.2369.SA1/Y.SA1", "XFEL.DIAG/BPM/BPME.2436.SA1/Y.SA1", "XFEL.DIAG/BPM/BPME.2400.SA1/Y.SA1", "XFEL.DIAG/BPM/BPME.2430.SA1/Y.SA1", "XFEL.DIAG/BPM/BPME.2393.SA1/X.SA1", "XFEL.DIAG/BPM/BPME.2442.SA1/Y.SA1", "XFEL.FEL/XGM/XGM.2643.T9/INTENSITY.SA1.TD", "XFEL.DIAG/BPM/BPME.2400.SA1/X.SA1", "XFEL.DIAG/BPM/BPME.2448.SA1/X.SA1", "XFEL.DIAG/BPM/BPME.2320.SA1/X.SA1", "XFEL.UTIL/HIGH_LEVEL_STATUS/PHOTON_ENERGY.SA1/PHOTON_ENERGY_INPUT_1", "XFEL.DIAG/BPM/BPME.2381.SA1/Y.SA1", "XFEL.FEL/XGM.POSMON/XGM.2643.T9/IX.POS"], "targets": ["XFEL.UTIL/DYNPROP/BEAM_PREDICT.SA1/COM_Y_MEASUREMENT", "XFEL.UTIL/DYNPROP/BEAM_PREDICT.SA1/COM_X_MEASUREMENT", "XFEL.UTIL/DYNPROP/BEAM_PREDICT.SA1/SKEWNESS_Y_MEASUREMENT", "XFEL.UTIL/DYNPROP/BEAM_PREDICT.SA1/KURTOSIS_Y_MEASUREMENT", "XFEL.UTIL/DYNPROP/BEAM_PREDICT.SA1/KURTOSIS_X_MEASUREMENT", "XFEL.UTIL/DYNPROP/BEAM_PREDICT.SA1/BEAMSIZE_Y_MEASUREMENT", "XFEL.UTIL/DYNPROP/BEAM_PREDICT.SA1/BEAMSIZE_X_MEASUREMENT", "XFEL.UTIL/DYNPROP/BEAM_PREDICT.SA1/SKEWNESS_X_MEASUREMENT"],