{"norm_min": {"XFEL.FEL/XGM.POSMON/XGM.2643.T9/IX.POS": 2.0452304723572654, "XFEL.FEL/XGM.POSMON/XGM.2643.T9/IY.POS": -0.046621578406275926, "XFEL.DIAG/BPM/BPME.2363.SA1/Y.SA1": 0.008189691228266764, "XFEL.DIAG/BPM/BPME.2436.SA1/Y.SA1": -0.010726378891969124, "XFEL.DIAG/BPM/BPME.2369.SA1/Y.SA1": 0.03273299124847526, "XFEL.DIAG/BPM/BPME.2363.SA1/X.SA1": -0.10904731963984564, "XFEL.DIAG/BPM/BPME.2381.SA1/X.SA1": -0.12959234683308105, "XFEL.DIAG/BPM/BPME.2442.SA1/Y.SA1": -0.07963133577737763, "XFEL.FEL/XGM/XGM.2643.T9/INTENSITY.SA1.TD": -1238.5540564258968, "XFEL.DIAG/BPM/BPME.2400.SA1/X.SA1": 0.006160219441362719, "XFEL.DIAG/BPM/BPME.2278.SA1/Y.SA1": -0.16639335314518575, "XFEL.DIAG/BPM/BPME.2302.SA1/Y.SA1": -0.08733501242775021, "XFEL.DIAG/BPM/BPME.2430.SA1/Y.SA1": 0.0887878639374592, "XFEL.DIAG/BPM/BPME.2369.SA1/X.SA1": -0.1162464165988138, "XFEL.DIAG/BPM/BPME.2400.SA1/Y.SA1": 0.07250937117723823, "XFEL.DIAG/BPM/BPME.2393.SA1/X.SA1": -0.066280220193408, "XFEL.DIAG/BPM/BPME.2448.SA1/Y.SA1": -0.21958617544952932, "XFEL.DIAG/BPM/BPME.2290.SA1/X.SA1": -0.09456522040064835, "XFEL.DIAG/BPM/BPME.2302.SA1/X.SA1": -0.08695181108948603, "XFEL.DIAG/BPM/BPME.2393.SA1/Y.SA1": 0.08113502955299393, "XFEL.UTIL/HIGH_LEVEL_STATUS/PHOTON_ENERGY.SA1/PHOTON_ENERGY_INPUT_1": 6927.277186011402, "XFEL.DIAG/BPM/BPME.2320.SA1/X.SA1": -0.0857350958604576, "XFEL.DIAG/BPM/BPME.2430.SA1/X.SA1": -0.1634180157121172, "XFEL.DIAG/BPM/BPME.2290.SA1/Y.SA1": -0.12308924166206883, "XFEL.DIAG/BPM/BPME.2442.SA1/X.SA1": -0.05100130956753454, "XFEL.DIAG/BPM/BPME.2436.SA1/X.SA1": -0.10984133352868909, "XFEL.DIAG/BPM/BPME.2320.SA1/Y.SA1": -0.035224702110446066, "XFEL.DIAG/BEAM_ENERGY_MEASUREMENT/T4/ENERGY.SA1": 14053.964767799393, "XFEL.DIAG/BPM/BPME.2278.SA1/X.SA1": -0.04168784365942275, "XFEL.DIAG/BPM/BPME.2381.SA1/Y.SA1": 0.059990291027157416, "XFEL.DIAG/BPM/BPME.2448.SA1/X.SA1": -0.10967175978185456, "XFEL.UTIL/DYNPROP/BEAM_PREDICT.SA1/BEAMSIZE_Y_MEASUREMENT": 28.536035465776255, "XFEL.UTIL/DYNPROP/BEAM_PREDICT.SA1/COM_X_MEASUREMENT": 1325.833430562471, "XFEL.UTIL/DYNPROP/BEAM_PREDICT.SA1/COM_Y_MEASUREMENT": 459.23142957731176, "XFEL.UTIL/DYNPROP/BEAM_PREDICT.SA1/BEAMSIZE_X_MEASUREMENT": 23.219171616695117}, "norm_max": {"XFEL.FEL/XGM.POSMON/XGM.2643.T9/IX.POS": 3.759012138574131, "XFEL.FEL/XGM.POSMON/XGM.2643.T9/IY.POS": 1.1545710178424733, "XFEL.DIAG/BPM/BPME.2363.SA1/Y.SA1": 0.22533178515971083, "XFEL.DIAG/BPM/BPME.2436.SA1/Y.SA1": 0.15965955111792127, "XFEL.DIAG/BPM/BPME.2369.SA1/Y.SA1": 0.21325171205390817, "XFEL.DIAG/BPM/BPME.2363.SA1/X.SA1": 0.06563751016966894, "XFEL.DIAG/BPM/BPME.2381.SA1/X.SA1": 0.11605645983013609, "XFEL.DIAG/BPM/BPME.2442.SA1/Y.SA1": 0.07252860788736298, "XFEL.FEL/XGM/XGM.2643.T9/INTENSITY.SA1.TD": 5740.164816425897, "XFEL.DIAG/BPM/BPME.2400.SA1/X.SA1": 0.17423574136643757, "XFEL.DIAG/BPM/BPME.2278.SA1/Y.SA1": 0.04618379334694509, "XFEL.DIAG/BPM/BPME.2302.SA1/Y.SA1": 0.09062213408130704, "XFEL.DIAG/BPM/BPME.2430.SA1/Y.SA1": 0.22185796222344856, "XFEL.DIAG/BPM/BPME.2369.SA1/X.SA1": 0.08905906918670442, "XFEL.DIAG/BPM/BPME.2400.SA1/Y.SA1": 0.28325619505258204, "XFEL.DIAG/BPM/BPME.2393.SA1/X.SA1": 0.1426855665869932, "XFEL.DIAG/BPM/BPME.2448.SA1/Y.SA1": -0.02267115139182505, "XFEL.DIAG/BPM/BPME.2290.SA1/X.SA1": 0.0849409403651526, "XFEL.DIAG/BPM/BPME.2302.SA1/X.SA1": 0.07274263001915827, "XFEL.DIAG/BPM/BPME.2393.SA1/Y.SA1": 0.2571962376846693, "XFEL.UTIL/HIGH_LEVEL_STATUS/PHOTON_ENERGY.SA1/PHOTON_ENERGY_INPUT_1": 10160.8478139886, "XFEL.DIAG/BPM/BPME.2320.SA1/X.SA1": 0.09977419507691879, "XFEL.DIAG/BPM/BPME.2430.SA1/X.SA1": -0.018565306193018917, "XFEL.DIAG/BPM/BPME.2290.SA1/Y.SA1": 0.09154108432774113, "XFEL.DIAG/BPM/BPME.2442.SA1/X.SA1": 0.11256125491245947, "XFEL.DIAG/BPM/BPME.2436.SA1/X.SA1": 0.023349987169436162, "XFEL.DIAG/BPM/BPME.2320.SA1/Y.SA1": 0.08212186758772191, "XFEL.DIAG/BEAM_ENERGY_MEASUREMENT/T4/ENERGY.SA1": 14098.876052513107, "XFEL.DIAG/BPM/BPME.2278.SA1/X.SA1": 0.12125456080724989, "XFEL.DIAG/BPM/BPME.2381.SA1/Y.SA1": 0.24876468953696002, "XFEL.DIAG/BPM/BPME.2448.SA1/X.SA1": 0.037615920779722145, "XFEL.UTIL/DYNPROP/BEAM_PREDICT.SA1/BEAMSIZE_Y_MEASUREMENT": 61.7819091177076, "XFEL.UTIL/DYNPROP/BEAM_PREDICT.SA1/COM_X_MEASUREMENT": 1458.190834362248, "XFEL.UTIL/DYNPROP/BEAM_PREDICT.SA1/COM_Y_MEASUREMENT": 578.9636026255471, "XFEL.UTIL/DYNPROP/BEAM_PREDICT.SA1/BEAMSIZE_X_MEASUREMENT": 67.7683664696246}, "no_inputs": 31, "features": ["XFEL.FEL/XGM.POSMON/XGM.2643.T9/IX.POS", "XFEL.FEL/XGM.POSMON/XGM.2643.T9/IY.POS", "XFEL.DIAG/BPM/BPME.2363.SA1/Y.SA1", "XFEL.DIAG/BPM/BPME.2436.SA1/Y.SA1", "XFEL.DIAG/BPM/BPME.2369.SA1/Y.SA1", "XFEL.DIAG/BPM/BPME.2363.SA1/X.SA1", "XFEL.DIAG/BPM/BPME.2381.SA1/X.SA1", "XFEL.DIAG/BPM/BPME.2442.SA1/Y.SA1", "XFEL.FEL/XGM/XGM.2643.T9/INTENSITY.SA1.TD", "XFEL.DIAG/BPM/BPME.2400.SA1/X.SA1", "XFEL.DIAG/BPM/BPME.2278.SA1/Y.SA1", "XFEL.DIAG/BPM/BPME.2302.SA1/Y.SA1", "XFEL.DIAG/BPM/BPME.2430.SA1/Y.SA1", "XFEL.DIAG/BPM/BPME.2369.SA1/X.SA1", "XFEL.DIAG/BPM/BPME.2400.SA1/Y.SA1", "XFEL.DIAG/BPM/BPME.2393.SA1/X.SA1", "XFEL.DIAG/BPM/BPME.2448.SA1/Y.SA1", "XFEL.DIAG/BPM/BPME.2290.SA1/X.SA1", "XFEL.DIAG/BPM/BPME.2302.SA1/X.SA1", "XFEL.DIAG/BPM/BPME.2393.SA1/Y.SA1", "XFEL.UTIL/HIGH_LEVEL_STATUS/PHOTON_ENERGY.SA1/PHOTON_ENERGY_INPUT_1", "XFEL.DIAG/BPM/BPME.2320.SA1/X.SA1", "XFEL.DIAG/BPM/BPME.2430.SA1/X.SA1", "XFEL.DIAG/BPM/BPME.2290.SA1/Y.SA1", "XFEL.DIAG/BPM/BPME.2442.SA1/X.SA1", "XFEL.DIAG/BPM/BPME.2436.SA1/X.SA1", "XFEL.DIAG/BPM/BPME.2320.SA1/Y.SA1", "XFEL.DIAG/BEAM_ENERGY_MEASUREMENT/T4/ENERGY.SA1", "XFEL.DIAG/BPM/BPME.2278.SA1/X.SA1", "XFEL.DIAG/BPM/BPME.2381.SA1/Y.SA1", "XFEL.DIAG/BPM/BPME.2448.SA1/X.SA1"], "targets": ["XFEL.UTIL/DYNPROP/BEAM_PREDICT.SA1/BEAMSIZE_Y_MEASUREMENT", "XFEL.UTIL/DYNPROP/BEAM_PREDICT.SA1/COM_X_MEASUREMENT", "XFEL.UTIL/DYNPROP/BEAM_PREDICT.SA1/COM_Y_MEASUREMENT", "XFEL.UTIL/DYNPROP/BEAM_PREDICT.SA1/BEAMSIZE_X_MEASUREMENT"], "inputs_outputs": ["XFEL.FEL/XGM.POSMON/XGM.2643.T9/IX.POS", "XFEL.FEL/XGM.POSMON/XGM.2643.T9/IY.POS", "XFEL.DIAG/BPM/BPME.2363.SA1/Y.SA1", "XFEL.DIAG/BPM/BPME.2436.SA1/Y.SA1", "XFEL.DIAG/BPM/BPME.2369.SA1/Y.SA1", "XFEL.DIAG/BPM/BPME.2363.SA1/X.SA1", "XFEL.DIAG/BPM/BPME.2381.SA1/X.SA1", "XFEL.DIAG/BPM/BPME.2442.SA1/Y.SA1", "XFEL.FEL/XGM/XGM.2643.T9/INTENSITY.SA1.TD", "XFEL.DIAG/BPM/BPME.2400.SA1/X.SA1", "XFEL.DIAG/BPM/BPME.2278.SA1/Y.SA1", "XFEL.DIAG/BPM/BPME.2302.SA1/Y.SA1", "XFEL.DIAG/BPM/BPME.2430.SA1/Y.SA1", "XFEL.DIAG/BPM/BPME.2369.SA1/X.SA1", "XFEL.DIAG/BPM/BPME.2400.SA1/Y.SA1", "XFEL.DIAG/BPM/BPME.2393.SA1/X.SA1", "XFEL.DIAG/BPM/BPME.2448.SA1/Y.SA1", "XFEL.DIAG/BPM/BPME.2290.SA1/X.SA1", "XFEL.DIAG/BPM/BPME.2302.SA1/X.SA1", "XFEL.DIAG/BPM/BPME.2393.SA1/Y.SA1", "XFEL.UTIL/HIGH_LEVEL_STATUS/PHOTON_ENERGY.SA1/PHOTON_ENERGY_INPUT_1", "XFEL.DIAG/BPM/BPME.2320.SA1/X.SA1", "XFEL.DIAG/BPM/BPME.2430.SA1/X.SA1", "XFEL.DIAG/BPM/BPME.2290.SA1/Y.SA1", "XFEL.DIAG/BPM/BPME.2442.SA1/X.SA1", "XFEL.DIAG/BPM/BPME.2436.SA1/X.SA1", "XFEL.DIAG/BPM/BPME.2320.SA1/Y.SA1", "XFEL.DIAG/BEAM_ENERGY_MEASUREMENT/T4/ENERGY.SA1", "XFEL.DIAG/BPM/BPME.2278.SA1/X.SA1", "XFEL.DIAG/BPM/BPME.2381.SA1/Y.SA1", "XFEL.DIAG/BPM/BPME.2448.SA1/X.SA1", "XFEL.UTIL/DYNPROP/BEAM_PREDICT.SA1/BEAMSIZE_Y_MEASUREMENT", "XFEL.UTIL/DYNPROP/BEAM_PREDICT.SA1/COM_X_MEASUREMENT", "XFEL.UTIL/DYNPROP/BEAM_PREDICT.SA1/COM_Y_MEASUREMENT", "XFEL.UTIL/DYNPROP/BEAM_PREDICT.SA1/BEAMSIZE_X_MEASUREMENT"], "run": "2024-02-20", "training_start_datetime": "04/03/2024 13:46:51", "training_stop_datetime": "04/03/2024 15:22:39", "actual_epochs": 130, "early_stopping_patience": 5, "training_R2": 0.9654585918042828, "validation_R2": 0.9550547275438932, "batch_size": 64, "learning_rate": 0.1, "hidden_layers": 1, "hidden_nodes": 128, "label": "SA1-2024-02-20", "start_time": "2024-03-04 13:46:51.241671", "stop_time": "2024-03-04 15:22:39.952295"}