{"norm_min": {"XFEL.DIAG/BPM/BPME.2381.SA1/X.SA1": -0.16545502399894524, "XFEL.DIAG/BPM/BPME.2290.SA1/X.SA1": -0.037305613200444544, "XFEL.DIAG/BPM/BPME.2278.SA1/Y.SA1": -0.08030664291930961, "XFEL.FEL/XGM.POSMON/XGM.2643.T9/IX.POS": 2.680068092268089, "XFEL.DIAG/BPM/BPME.2430.SA1/Y.SA1": 0.07341831235140076, "XFEL.DIAG/BPM/BPME.2320.SA1/X.SA1": -0.12624198448110574, "XFEL.DIAG/BPM/BPME.2448.SA1/X.SA1": -0.016225617027902216, "XFEL.FEL/XGM/XGM.2643.T9/INTENSITY.SA1.TD": 18.757216560890242, "XFEL.FEL/XGM.POSMON/XGM.2643.T9/IY.POS": -0.1257936864250761, "XFEL.DIAG/BPM/BPME.2400.SA1/X.SA1": -0.07344607674229955, "XFEL.DIAG/BPM/BPME.2278.SA1/X.SA1": 0.03362033589690781, "XFEL.DIAG/BPM/BPME.2381.SA1/Y.SA1": 0.016608771804283474, "XFEL.DIAG/BPM/BPME.2393.SA1/X.SA1": -0.15498464019435948, "XFEL.DIAG/BPM/BPME.2302.SA1/X.SA1": -0.054900069584881146, "XFEL.DIAG/BPM/BPME.2363.SA1/Y.SA1": -0.007633278123147792, "XFEL.DIAG/BPM/BPME.2302.SA1/Y.SA1": -0.02004891492183223, "XFEL.DIAG/BEAM_ENERGY_MEASUREMENT/T4/ENERGY.SA1": 13252.238779669127, "XFEL.DIAG/BPM/BPME.2430.SA1/X.SA1": -0.13262536713914164, "XFEL.DIAG/BPM/BPME.2448.SA1/Y.SA1": -0.13699089971149597, "XFEL.DIAG/BPM/BPME.2436.SA1/X.SA1": -0.1413485750938115, "XFEL.DIAG/BPM/BPME.2436.SA1/Y.SA1": -0.04527440411621402, "XFEL.DIAG/BPM/BPME.2369.SA1/X.SA1": -0.18684831842309335, "XFEL.DIAG/BPM/BPME.2442.SA1/Y.SA1": -0.1001612787973762, "XFEL.DIAG/BPM/BPME.2369.SA1/Y.SA1": 0.010492153352320916, "XFEL.DIAG/BPM/BPME.2400.SA1/Y.SA1": 0.0317038381428584, "XFEL.DIAG/BPM/BPME.2363.SA1/X.SA1": -0.1750854835174416, "XFEL.DIAG/BPM/BPME.2290.SA1/Y.SA1": -0.04814629104596981, "XFEL.DIAG/BPM/BPME.2393.SA1/Y.SA1": 0.0440992613199433, "XFEL.UTIL/HIGH_LEVEL_STATUS/PHOTON_ENERGY.SA1/PHOTON_ENERGY_INPUT_1": 5190.136255370418, "XFEL.DIAG/BPM/BPME.2320.SA1/Y.SA1": 0.00701026970305854, "XFEL.DIAG/BPM/BPME.2442.SA1/X.SA1": -0.00567544715321326, "XFEL.UTIL/DYNPROP/BEAM_PREDICT.SA1/BEAMSIZE_Y_MEASUREMENT": 24.63275965872436, "XFEL.UTIL/DYNPROP/BEAM_PREDICT.SA1/COM_Y_MEASUREMENT": 561.9019299810486, "XFEL.UTIL/DYNPROP/BEAM_PREDICT.SA1/COM_X_MEASUREMENT": 1381.9478511294603, "XFEL.UTIL/DYNPROP/BEAM_PREDICT.SA1/BEAMSIZE_X_MEASUREMENT": 22.766412904835818}, "norm_max": {"XFEL.DIAG/BPM/BPME.2381.SA1/X.SA1": 0.05023954367133904, "XFEL.DIAG/BPM/BPME.2290.SA1/X.SA1": 0.010816996137875881, "XFEL.DIAG/BPM/BPME.2278.SA1/Y.SA1": 0.04200578597141075, "XFEL.FEL/XGM.POSMON/XGM.2643.T9/IX.POS": 3.4332429600542986, "XFEL.DIAG/BPM/BPME.2430.SA1/Y.SA1": 0.18743792118579636, "XFEL.DIAG/BPM/BPME.2320.SA1/X.SA1": 0.021027478093395176, "XFEL.DIAG/BPM/BPME.2448.SA1/X.SA1": 0.03264480421605072, "XFEL.FEL/XGM/XGM.2643.T9/INTENSITY.SA1.TD": 5231.96118343911, "XFEL.FEL/XGM.POSMON/XGM.2643.T9/IY.POS": 0.38824204198061046, "XFEL.DIAG/BPM/BPME.2400.SA1/X.SA1": 0.11890242659200048, "XFEL.DIAG/BPM/BPME.2278.SA1/X.SA1": 0.08382933513313674, "XFEL.DIAG/BPM/BPME.2381.SA1/Y.SA1": 0.0673258035150067, "XFEL.DIAG/BPM/BPME.2393.SA1/X.SA1": 0.07339979918140477, "XFEL.DIAG/BPM/BPME.2302.SA1/X.SA1": -0.0011358364915501264, "XFEL.DIAG/BPM/BPME.2363.SA1/Y.SA1": 0.11491108869672567, "XFEL.DIAG/BPM/BPME.2302.SA1/Y.SA1": 0.046771524918627884, "XFEL.DIAG/BEAM_ENERGY_MEASUREMENT/T4/ENERGY.SA1": 17023.009267205874, "XFEL.DIAG/BPM/BPME.2430.SA1/X.SA1": -0.07013386895819419, "XFEL.DIAG/BPM/BPME.2448.SA1/Y.SA1": 0.10138310727441942, "XFEL.DIAG/BPM/BPME.2436.SA1/X.SA1": -0.011439438126021896, "XFEL.DIAG/BPM/BPME.2436.SA1/Y.SA1": 0.16529327375465702, "XFEL.DIAG/BPM/BPME.2369.SA1/X.SA1": 0.0003515092981467502, "XFEL.DIAG/BPM/BPME.2442.SA1/Y.SA1": 0.12744718248962167, "XFEL.DIAG/BPM/BPME.2369.SA1/Y.SA1": 0.06076800089496302, "XFEL.DIAG/BPM/BPME.2400.SA1/Y.SA1": 0.1305535202889577, "XFEL.DIAG/BPM/BPME.2363.SA1/X.SA1": -0.00816986111184612, "XFEL.DIAG/BPM/BPME.2290.SA1/Y.SA1": 0.056744827298945276, "XFEL.DIAG/BPM/BPME.2393.SA1/Y.SA1": 0.15390520795553125, "XFEL.UTIL/HIGH_LEVEL_STATUS/PHOTON_ENERGY.SA1/PHOTON_ENERGY_INPUT_1": 14362.064428223332, "XFEL.DIAG/BPM/BPME.2320.SA1/Y.SA1": 0.05567387884697503, "XFEL.DIAG/BPM/BPME.2442.SA1/X.SA1": 0.09503344910061622, "XFEL.UTIL/DYNPROP/BEAM_PREDICT.SA1/BEAMSIZE_Y_MEASUREMENT": 55.552474406944526, "XFEL.UTIL/DYNPROP/BEAM_PREDICT.SA1/COM_Y_MEASUREMENT": 628.173831045737, "XFEL.UTIL/DYNPROP/BEAM_PREDICT.SA1/COM_X_MEASUREMENT": 1476.1769459356608, "XFEL.UTIL/DYNPROP/BEAM_PREDICT.SA1/BEAMSIZE_X_MEASUREMENT": 56.58604144451576}, "no_inputs": 31, "features": ["XFEL.DIAG/BPM/BPME.2442.SA1/X.SA1", "XFEL.DIAG/BPM/BPME.2381.SA1/X.SA1", "XFEL.DIAG/BPM/BPME.2290.SA1/X.SA1", "XFEL.FEL/XGM.POSMON/XGM.2643.T9/IX.POS", "XFEL.DIAG/BPM/BPME.2278.SA1/Y.SA1", "XFEL.DIAG/BPM/BPME.2430.SA1/Y.SA1", "XFEL.DIAG/BPM/BPME.2320.SA1/X.SA1", "XFEL.DIAG/BPM/BPME.2448.SA1/X.SA1", "XFEL.FEL/XGM/XGM.2643.T9/INTENSITY.SA1.TD", "XFEL.FEL/XGM.POSMON/XGM.2643.T9/IY.POS", "XFEL.DIAG/BPM/BPME.2400.SA1/X.SA1", "XFEL.DIAG/BPM/BPME.2278.SA1/X.SA1", "XFEL.DIAG/BPM/BPME.2381.SA1/Y.SA1", "XFEL.DIAG/BPM/BPME.2393.SA1/X.SA1", "XFEL.DIAG/BPM/BPME.2302.SA1/X.SA1", "XFEL.DIAG/BPM/BPME.2363.SA1/Y.SA1", "XFEL.DIAG/BPM/BPME.2302.SA1/Y.SA1", "XFEL.DIAG/BEAM_ENERGY_MEASUREMENT/T4/ENERGY.SA1", "XFEL.DIAG/BPM/BPME.2430.SA1/X.SA1", "XFEL.DIAG/BPM/BPME.2448.SA1/Y.SA1", "XFEL.DIAG/BPM/BPME.2436.SA1/X.SA1", "XFEL.DIAG/BPM/BPME.2436.SA1/Y.SA1", "XFEL.DIAG/BPM/BPME.2369.SA1/X.SA1", "XFEL.DIAG/BPM/BPME.2369.SA1/Y.SA1", "XFEL.DIAG/BPM/BPME.2400.SA1/Y.SA1", "XFEL.DIAG/BPM/BPME.2363.SA1/X.SA1", "XFEL.DIAG/BPM/BPME.2290.SA1/Y.SA1", "XFEL.DIAG/BPM/BPME.2393.SA1/Y.SA1", "XFEL.UTIL/HIGH_LEVEL_STATUS/PHOTON_ENERGY.SA1/PHOTON_ENERGY_INPUT_1", "XFEL.DIAG/BPM/BPME.2320.SA1/Y.SA1", "XFEL.DIAG/BPM/BPME.2442.SA1/Y.SA1"], "targets": ["XFEL.UTIL/DYNPROP/BEAM_PREDICT.SA1/BEAMSIZE_Y_MEASUREMENT", "XFEL.UTIL/DYNPROP/BEAM_PREDICT.SA1/COM_X_MEASUREMENT", "XFEL.UTIL/DYNPROP/BEAM_PREDICT.SA1/COM_Y_MEASUREMENT", "XFEL.UTIL/DYNPROP/BEAM_PREDICT.SA1/BEAMSIZE_X_MEASUREMENT"], "inputs_outputs": ["XFEL.DIAG/BPM/BPME.2442.SA1/X.SA1", "XFEL.DIAG/BPM/BPME.2381.SA1/X.SA1", "XFEL.DIAG/BPM/BPME.2290.SA1/X.SA1", "XFEL.FEL/XGM.POSMON/XGM.2643.T9/IX.POS", "XFEL.DIAG/BPM/BPME.2278.SA1/Y.SA1", "XFEL.DIAG/BPM/BPME.2430.SA1/Y.SA1", "XFEL.DIAG/BPM/BPME.2320.SA1/X.SA1", "XFEL.DIAG/BPM/BPME.2448.SA1/X.SA1", "XFEL.FEL/XGM/XGM.2643.T9/INTENSITY.SA1.TD", "XFEL.FEL/XGM.POSMON/XGM.2643.T9/IY.POS", "XFEL.DIAG/BPM/BPME.2400.SA1/X.SA1", "XFEL.DIAG/BPM/BPME.2278.SA1/X.SA1", "XFEL.DIAG/BPM/BPME.2381.SA1/Y.SA1", "XFEL.DIAG/BPM/BPME.2393.SA1/X.SA1", "XFEL.DIAG/BPM/BPME.2302.SA1/X.SA1", "XFEL.DIAG/BPM/BPME.2363.SA1/Y.SA1", "XFEL.DIAG/BPM/BPME.2302.SA1/Y.SA1", "XFEL.DIAG/BEAM_ENERGY_MEASUREMENT/T4/ENERGY.SA1", "XFEL.DIAG/BPM/BPME.2430.SA1/X.SA1", "XFEL.DIAG/BPM/BPME.2448.SA1/Y.SA1", "XFEL.DIAG/BPM/BPME.2436.SA1/X.SA1", "XFEL.DIAG/BPM/BPME.2436.SA1/Y.SA1", "XFEL.DIAG/BPM/BPME.2369.SA1/X.SA1", "XFEL.DIAG/BPM/BPME.2369.SA1/Y.SA1", "XFEL.DIAG/BPM/BPME.2400.SA1/Y.SA1", "XFEL.DIAG/BPM/BPME.2363.SA1/X.SA1", "XFEL.DIAG/BPM/BPME.2290.SA1/Y.SA1", "XFEL.DIAG/BPM/BPME.2393.SA1/Y.SA1", "XFEL.UTIL/HIGH_LEVEL_STATUS/PHOTON_ENERGY.SA1/PHOTON_ENERGY_INPUT_1", "XFEL.DIAG/BPM/BPME.2320.SA1/Y.SA1", "XFEL.DIAG/BPM/BPME.2442.SA1/Y.SA1", "XFEL.UTIL/DYNPROP/BEAM_PREDICT.SA1/BEAMSIZE_Y_MEASUREMENT", "XFEL.UTIL/DYNPROP/BEAM_PREDICT.SA1/COM_X_MEASUREMENT", "XFEL.UTIL/DYNPROP/BEAM_PREDICT.SA1/COM_Y_MEASUREMENT", "XFEL.UTIL/DYNPROP/BEAM_PREDICT.SA1/BEAMSIZE_X_MEASUREMENT"], "run": "2024-03-26", "training_start_datetime": "27/03/2024 16:09:23", "training_stop_datetime": "27/03/2024 17:09:13", "actual_epochs": 375, "early_stopping_patience": 4, "training_R2": 0.9065420440304213, "validation_R2": 0.9835488081967119, "batch_size": 64, "learning_rate": 0.1, "momentum": 0.8, "hidden_layers": 2, "hidden_nodes": 128, "label": "SA1-2024-03-26", "start_time": "2024-03-27 16:09:23.296749", "stop_time": "2024-03-27 17:09:13.395521"}