{"norm_min": {"XFEL.DIAG/BPM/BPME.2302.SA1/X.SA1": -0.03426783021619968, "XFEL.DIAG/BPM/BPME.2442.SA1/X.SA1": -0.09884103207910076, "XFEL.DIAG/BPM/BPME.2363.SA1/Y.SA1": 0.12777461541140833, "XFEL.DIAG/BPM/BPME.2278.SA1/Y.SA1": -0.05152275739514522, "XFEL.DIAG/BEAM_ENERGY_MEASUREMENT/T4/ENERGY.SA1": 14047.035426940456, "XFEL.DIAG/BPM/BPME.2393.SA1/Y.SA1": 0.17965896889498906, "XFEL.FEL/XGM.POSMON/XGM.2643.T9/IX.POS": 2.7513550088614944, "XFEL.DIAG/BPM/BPME.2302.SA1/Y.SA1": 0.03408040907745363, "XFEL.DIAG/BPM/BPME.2369.SA1/Y.SA1": 0.13416599942663462, "XFEL.DIAG/BPM/BPME.2400.SA1/Y.SA1": 0.17750769838787098, "XFEL.DIAG/BPM/BPME.2448.SA1/X.SA1": -0.15501853693545745, "XFEL.DIAG/BPM/BPME.2320.SA1/Y.SA1": 0.06768799431744445, "XFEL.DIAG/BPM/BPME.2369.SA1/X.SA1": -0.017364086963726873, "XFEL.DIAG/BPM/BPME.2430.SA1/X.SA1": -0.1414733070334129, "XFEL.DIAG/BPM/BPME.2320.SA1/X.SA1": -0.06204548686591743, "XFEL.DIAG/BPM/BPME.2290.SA1/X.SA1": -0.0263522362074403, "XFEL.DIAG/BPM/BPME.2400.SA1/X.SA1": 0.10033393835234589, "XFEL.DIAG/BPM/BPME.2363.SA1/X.SA1": -0.021214407515431327, "XFEL.DIAG/BPM/BPME.2442.SA1/Y.SA1": -0.037367854198442255, "XFEL.DIAG/BPM/BPME.2278.SA1/X.SA1": 0.03594572812561001, "XFEL.DIAG/BPM/BPME.2381.SA1/X.SA1": 0.024143860057933408, "XFEL.DIAG/BPM/BPME.2393.SA1/X.SA1": 0.043660110022759935, "XFEL.DIAG/BPM/BPME.2381.SA1/Y.SA1": 0.15402028747023938, "XFEL.DIAG/BPM/BPME.2436.SA1/Y.SA1": 0.020298980922757164, "XFEL.FEL/XGM.POSMON/XGM.2643.T9/IY.POS": 0.7425325529613676, "XFEL.FEL/XGM/XGM.2643.T9/INTENSITY.SA1.TD": 1554.0709755038174, "XFEL.DIAG/BPM/BPME.2430.SA1/Y.SA1": 0.11350375883398875, "XFEL.DIAG/BPM/BPME.2448.SA1/Y.SA1": -0.15754993233497924, "XFEL.DIAG/BPM/BPME.2290.SA1/Y.SA1": 0.0007221053347200193, "XFEL.DIAG/BPM/BPME.2436.SA1/X.SA1": -0.13069687347797485, "XFEL.UTIL/DYNPROP/BEAM_PREDICT.SA1/COM_Y_MEASUREMENT": 519.4207621401472, "XFEL.UTIL/DYNPROP/BEAM_PREDICT.SA1/COM_X_MEASUREMENT": 1416.6801448202948, "XFEL.UTIL/DYNPROP/BEAM_PREDICT.SA1/BEAMSIZE_Y_MEASUREMENT": 78.59697564434242, "XFEL.UTIL/DYNPROP/BEAM_PREDICT.SA1/BEAMSIZE_X_MEASUREMENT": 83.81607483268655}, "norm_max": {"XFEL.DIAG/BPM/BPME.2302.SA1/X.SA1": -0.018797201550691794, "XFEL.DIAG/BPM/BPME.2442.SA1/X.SA1": -0.08058164448416218, "XFEL.DIAG/BPM/BPME.2363.SA1/Y.SA1": 0.15119576024567327, "XFEL.DIAG/BPM/BPME.2278.SA1/Y.SA1": -0.030065332070949757, "XFEL.DIAG/BEAM_ENERGY_MEASUREMENT/T4/ENERGY.SA1": 14054.637424622044, "XFEL.DIAG/BPM/BPME.2393.SA1/Y.SA1": 0.198594193012207, "XFEL.FEL/XGM.POSMON/XGM.2643.T9/IX.POS": 2.825803919055986, "XFEL.DIAG/BPM/BPME.2302.SA1/Y.SA1": 0.05158124062652586, "XFEL.DIAG/BPM/BPME.2369.SA1/Y.SA1": 0.15438147173902242, "XFEL.DIAG/BPM/BPME.2400.SA1/Y.SA1": 0.19964733734630566, "XFEL.DIAG/BPM/BPME.2448.SA1/X.SA1": -0.1394161893027933, "XFEL.DIAG/BPM/BPME.2320.SA1/Y.SA1": 0.07857231192168367, "XFEL.DIAG/BPM/BPME.2369.SA1/X.SA1": -0.0009128726939421935, "XFEL.DIAG/BPM/BPME.2430.SA1/X.SA1": -0.12151326356328204, "XFEL.DIAG/BPM/BPME.2320.SA1/X.SA1": -0.04522004515083672, "XFEL.DIAG/BPM/BPME.2290.SA1/X.SA1": -0.011732941333338813, "XFEL.DIAG/BPM/BPME.2400.SA1/X.SA1": 0.1182070877630716, "XFEL.DIAG/BPM/BPME.2363.SA1/X.SA1": -0.007220703530406076, "XFEL.DIAG/BPM/BPME.2442.SA1/Y.SA1": -0.025374379077924936, "XFEL.DIAG/BPM/BPME.2278.SA1/X.SA1": 0.049263790545425755, "XFEL.DIAG/BPM/BPME.2381.SA1/X.SA1": 0.0419089940031933, "XFEL.DIAG/BPM/BPME.2393.SA1/X.SA1": 0.06320428273465584, "XFEL.DIAG/BPM/BPME.2381.SA1/Y.SA1": 0.17597233466683032, "XFEL.DIAG/BPM/BPME.2436.SA1/Y.SA1": 0.032895363120974526, "XFEL.FEL/XGM.POSMON/XGM.2643.T9/IY.POS": 0.8716819269618807, "XFEL.FEL/XGM/XGM.2643.T9/INTENSITY.SA1.TD": 3317.7227244961828, "XFEL.DIAG/BPM/BPME.2430.SA1/Y.SA1": 0.12211076445759908, "XFEL.DIAG/BPM/BPME.2448.SA1/Y.SA1": -0.14049901094619446, "XFEL.DIAG/BPM/BPME.2290.SA1/Y.SA1": 0.022439291049519177, "XFEL.DIAG/BPM/BPME.2436.SA1/X.SA1": -0.11412422794910339, "XFEL.UTIL/DYNPROP/BEAM_PREDICT.SA1/COM_Y_MEASUREMENT": 519.4207621401722, "XFEL.UTIL/DYNPROP/BEAM_PREDICT.SA1/COM_X_MEASUREMENT": 1416.680144820309, "XFEL.UTIL/DYNPROP/BEAM_PREDICT.SA1/BEAMSIZE_Y_MEASUREMENT": 78.59697564434248, "XFEL.UTIL/DYNPROP/BEAM_PREDICT.SA1/BEAMSIZE_X_MEASUREMENT": 83.81607483268701}, "no_inputs": 30, "features": ["XFEL.DIAG/BPM/BPME.2302.SA1/X.SA1", "XFEL.DIAG/BPM/BPME.2442.SA1/X.SA1", "XFEL.DIAG/BPM/BPME.2363.SA1/Y.SA1", "XFEL.DIAG/BPM/BPME.2278.SA1/Y.SA1", "XFEL.DIAG/BEAM_ENERGY_MEASUREMENT/T4/ENERGY.SA1", "XFEL.DIAG/BPM/BPME.2393.SA1/Y.SA1", "XFEL.FEL/XGM.POSMON/XGM.2643.T9/IX.POS", "XFEL.DIAG/BPM/BPME.2302.SA1/Y.SA1", "XFEL.DIAG/BPM/BPME.2369.SA1/Y.SA1", "XFEL.DIAG/BPM/BPME.2400.SA1/Y.SA1", "XFEL.DIAG/BPM/BPME.2448.SA1/X.SA1", "XFEL.DIAG/BPM/BPME.2320.SA1/Y.SA1", "XFEL.DIAG/BPM/BPME.2369.SA1/X.SA1", "XFEL.DIAG/BPM/BPME.2430.SA1/X.SA1", "XFEL.DIAG/BPM/BPME.2320.SA1/X.SA1", "XFEL.DIAG/BPM/BPME.2290.SA1/X.SA1", "XFEL.DIAG/BPM/BPME.2400.SA1/X.SA1", "XFEL.DIAG/BPM/BPME.2363.SA1/X.SA1", "XFEL.DIAG/BPM/BPME.2442.SA1/Y.SA1", "XFEL.DIAG/BPM/BPME.2278.SA1/X.SA1", "XFEL.DIAG/BPM/BPME.2381.SA1/X.SA1", "XFEL.DIAG/BPM/BPME.2393.SA1/X.SA1", "XFEL.DIAG/BPM/BPME.2381.SA1/Y.SA1", "XFEL.DIAG/BPM/BPME.2436.SA1/Y.SA1", "XFEL.FEL/XGM.POSMON/XGM.2643.T9/IY.POS", "XFEL.FEL/XGM/XGM.2643.T9/INTENSITY.SA1.TD", "XFEL.DIAG/BPM/BPME.2430.SA1/Y.SA1", "XFEL.DIAG/BPM/BPME.2448.SA1/Y.SA1", "XFEL.DIAG/BPM/BPME.2290.SA1/Y.SA1", "XFEL.DIAG/BPM/BPME.2436.SA1/X.SA1"], "targets": ["XFEL.UTIL/DYNPROP/BEAM_PREDICT.SA1/COM_Y_MEASUREMENT", "XFEL.UTIL/DYNPROP/BEAM_PREDICT.SA1/BEAMSIZE_Y_MEASUREMENT", "XFEL.UTIL/DYNPROP/BEAM_PREDICT.SA1/BEAMSIZE_X_MEASUREMENT", "XFEL.UTIL/DYNPROP/BEAM_PREDICT.SA1/COM_X_MEASUREMENT"], "inputs_outputs": ["XFEL.DIAG/BPM/BPME.2302.SA1/X.SA1", "XFEL.DIAG/BPM/BPME.2442.SA1/X.SA1", "XFEL.DIAG/BPM/BPME.2363.SA1/Y.SA1", "XFEL.DIAG/BPM/BPME.2278.SA1/Y.SA1", "XFEL.DIAG/BEAM_ENERGY_MEASUREMENT/T4/ENERGY.SA1", "XFEL.DIAG/BPM/BPME.2393.SA1/Y.SA1", "XFEL.FEL/XGM.POSMON/XGM.2643.T9/IX.POS", "XFEL.DIAG/BPM/BPME.2302.SA1/Y.SA1", "XFEL.DIAG/BPM/BPME.2369.SA1/Y.SA1", "XFEL.DIAG/BPM/BPME.2400.SA1/Y.SA1", "XFEL.DIAG/BPM/BPME.2448.SA1/X.SA1", "XFEL.DIAG/BPM/BPME.2320.SA1/Y.SA1", "XFEL.DIAG/BPM/BPME.2369.SA1/X.SA1", "XFEL.DIAG/BPM/BPME.2430.SA1/X.SA1", "XFEL.DIAG/BPM/BPME.2320.SA1/X.SA1", "XFEL.DIAG/BPM/BPME.2290.SA1/X.SA1", "XFEL.DIAG/BPM/BPME.2400.SA1/X.SA1", "XFEL.DIAG/BPM/BPME.2363.SA1/X.SA1", "XFEL.DIAG/BPM/BPME.2442.SA1/Y.SA1", "XFEL.DIAG/BPM/BPME.2278.SA1/X.SA1", "XFEL.DIAG/BPM/BPME.2381.SA1/X.SA1", "XFEL.DIAG/BPM/BPME.2393.SA1/X.SA1", "XFEL.DIAG/BPM/BPME.2381.SA1/Y.SA1", "XFEL.DIAG/BPM/BPME.2436.SA1/Y.SA1", "XFEL.FEL/XGM.POSMON/XGM.2643.T9/IY.POS", "XFEL.FEL/XGM/XGM.2643.T9/INTENSITY.SA1.TD", "XFEL.DIAG/BPM/BPME.2430.SA1/Y.SA1", "XFEL.DIAG/BPM/BPME.2448.SA1/Y.SA1", "XFEL.DIAG/BPM/BPME.2290.SA1/Y.SA1", "XFEL.DIAG/BPM/BPME.2436.SA1/X.SA1", "XFEL.UTIL/DYNPROP/BEAM_PREDICT.SA1/COM_Y_MEASUREMENT", "XFEL.UTIL/DYNPROP/BEAM_PREDICT.SA1/BEAMSIZE_Y_MEASUREMENT", "XFEL.UTIL/DYNPROP/BEAM_PREDICT.SA1/BEAMSIZE_X_MEASUREMENT", "XFEL.UTIL/DYNPROP/BEAM_PREDICT.SA1/COM_X_MEASUREMENT"], "run": "retrain_2024-03-14", "training_start_datetime": "14/03/2024 16:24:28", "training_stop_datetime": "14/03/2024 16:38:51", "actual_epochs": 1000, "early_stopping_patience": 4, "training_R2": NaN, "validation_R2": NaN, "batch_size": 64, "learning_rate": 0.1, "hidden_layers": 1, "hidden_nodes": 128, "label": "SA1-retrain_2024-03-14", "start_time": "2024-03-14 16:24:28.005329", "stop_time": "2024-03-14 16:38:51.163679"}