{"norm_min": {"XFEL.DIAG/BPM/BPME.2363.SA1/Y.SA1": 0.055607034200632746, "XFEL.DIAG/BPM/BPME.2448.SA1/Y.SA1": -0.2673335403891035, "XFEL.DIAG/BPM/BPME.2278.SA1/Y.SA1": -0.049444949668084937, "XFEL.DIAG/BPM/BPME.2290.SA1/Y.SA1": -0.011426141889338682, "XFEL.DIAG/BEAM_ENERGY_MEASUREMENT/T4/ENERGY.SA1": 13770.324898901557, "XFEL.DIAG/BPM/BPME.2448.SA1/X.SA1": -0.12471227831521947, "XFEL.DIAG/BPM/BPME.2369.SA1/Y.SA1": 0.06948738354531436, "XFEL.DIAG/BPM/BPME.2302.SA1/X.SA1": -0.062130274547855927, "XFEL.DIAG/BPM/BPME.2369.SA1/X.SA1": -0.09899624415880634, "XFEL.DIAG/BPM/BPME.2381.SA1/Y.SA1": 0.08532335045237673, "XFEL.DIAG/BPM/BPME.2400.SA1/X.SA1": 0.06535428942320773, "XFEL.DIAG/BPM/BPME.2381.SA1/X.SA1": -0.03821902848107042, "XFEL.DIAG/BPM/BPME.2320.SA1/X.SA1": -0.10975351504308925, "XFEL.DIAG/BPM/BPME.2442.SA1/X.SA1": -0.0006062898569034088, "XFEL.DIAG/BPM/BPME.2430.SA1/X.SA1": -0.103634434287636, "XFEL.DIAG/BPM/BPME.2363.SA1/X.SA1": -0.09531316271424359, "XFEL.DIAG/BPM/BPME.2436.SA1/X.SA1": -0.053195128731782566, "XFEL.DIAG/BPM/BPME.2442.SA1/Y.SA1": -0.032430083916913446, "XFEL.FEL/XGM.POSMON/XGM.2643.T9/IX.POS": 2.9607911171224583, "XFEL.DIAG/BPM/BPME.2436.SA1/Y.SA1": -0.002273548873912897, "XFEL.DIAG/BPM/BPME.2278.SA1/X.SA1": 0.012572858253708625, "XFEL.DIAG/BPM/BPME.2393.SA1/X.SA1": -0.006968203827274255, "XFEL.DIAG/BPM/BPME.2393.SA1/Y.SA1": 0.1114632983568783, "XFEL.DIAG/BPM/BPME.2400.SA1/Y.SA1": 0.09167461790882432, "XFEL.DIAG/BPM/BPME.2320.SA1/Y.SA1": 0.01751248795224057, "XFEL.DIAG/BPM/BPME.2430.SA1/Y.SA1": 0.08562894911430208, "XFEL.FEL/XGM.POSMON/XGM.2643.T9/IY.POS": 0.1322185659500824, "XFEL.DIAG/BPM/BPME.2302.SA1/Y.SA1": -0.0020617270851122794, "XFEL.DIAG/BPM/BPME.2290.SA1/X.SA1": -0.04992450608075032, "XFEL.FEL/XGM/XGM.2643.T9/INTENSITY.SA1.TD": 1374.0358928891333, "XFEL.UTIL/DYNPROP/BEAM_PREDICT.SA1/BEAMSIZE_X_MEASUREMENT": 14.555883730117742, "XFEL.UTIL/DYNPROP/BEAM_PREDICT.SA1/COM_X_MEASUREMENT": 1400.7923768649443, "XFEL.UTIL/DYNPROP/BEAM_PREDICT.SA1/COM_Y_MEASUREMENT": 536.6722571097351, "XFEL.UTIL/DYNPROP/BEAM_PREDICT.SA1/BEAMSIZE_Y_MEASUREMENT": 16.030533232176047}, "norm_max": {"XFEL.DIAG/BPM/BPME.2363.SA1/Y.SA1": 0.105638758903539, "XFEL.DIAG/BPM/BPME.2448.SA1/Y.SA1": 0.018477115103764142, "XFEL.DIAG/BPM/BPME.2278.SA1/Y.SA1": -0.001699084002340482, "XFEL.DIAG/BPM/BPME.2290.SA1/Y.SA1": 0.04102165106082458, "XFEL.DIAG/BEAM_ENERGY_MEASUREMENT/T4/ENERGY.SA1": 13787.288382348443, "XFEL.DIAG/BPM/BPME.2448.SA1/X.SA1": -0.018947611382809097, "XFEL.DIAG/BPM/BPME.2369.SA1/Y.SA1": 0.1118229721179852, "XFEL.DIAG/BPM/BPME.2302.SA1/X.SA1": -0.015422565565783905, "XFEL.DIAG/BPM/BPME.2369.SA1/X.SA1": -0.03081087044232892, "XFEL.DIAG/BPM/BPME.2381.SA1/Y.SA1": 0.13125152704815735, "XFEL.DIAG/BPM/BPME.2400.SA1/X.SA1": 0.11304497538926175, "XFEL.DIAG/BPM/BPME.2381.SA1/X.SA1": 0.02514603114945116, "XFEL.DIAG/BPM/BPME.2320.SA1/X.SA1": -0.05494323798196569, "XFEL.DIAG/BPM/BPME.2442.SA1/X.SA1": 0.06582098340319857, "XFEL.DIAG/BPM/BPME.2430.SA1/X.SA1": -0.04268239205590039, "XFEL.DIAG/BPM/BPME.2363.SA1/X.SA1": -0.03709823527932102, "XFEL.DIAG/BPM/BPME.2436.SA1/X.SA1": 0.0008702972460342779, "XFEL.DIAG/BPM/BPME.2442.SA1/Y.SA1": 0.010933877394925531, "XFEL.FEL/XGM.POSMON/XGM.2643.T9/IX.POS": 3.1500270305368434, "XFEL.DIAG/BPM/BPME.2436.SA1/Y.SA1": 0.05513017300034723, "XFEL.DIAG/BPM/BPME.2278.SA1/X.SA1": 0.06783783086181566, "XFEL.DIAG/BPM/BPME.2393.SA1/X.SA1": 0.052214506908786706, "XFEL.DIAG/BPM/BPME.2393.SA1/Y.SA1": 0.20951002343858527, "XFEL.DIAG/BPM/BPME.2400.SA1/Y.SA1": 0.16490515372909223, "XFEL.DIAG/BPM/BPME.2320.SA1/Y.SA1": 0.06844120960997714, "XFEL.DIAG/BPM/BPME.2430.SA1/Y.SA1": 0.13372699170448454, "XFEL.FEL/XGM.POSMON/XGM.2643.T9/IY.POS": 0.4943112021592392, "XFEL.DIAG/BPM/BPME.2302.SA1/Y.SA1": 0.05649125818252439, "XFEL.DIAG/BPM/BPME.2290.SA1/X.SA1": 0.0032224936610496914, "XFEL.FEL/XGM/XGM.2643.T9/INTENSITY.SA1.TD": 3210.851107110867, "XFEL.UTIL/DYNPROP/BEAM_PREDICT.SA1/BEAMSIZE_X_MEASUREMENT": 151.80569826097246, "XFEL.UTIL/DYNPROP/BEAM_PREDICT.SA1/COM_X_MEASUREMENT": 1451.450318774097, "XFEL.UTIL/DYNPROP/BEAM_PREDICT.SA1/COM_Y_MEASUREMENT": 594.4024794521885, "XFEL.UTIL/DYNPROP/BEAM_PREDICT.SA1/BEAMSIZE_Y_MEASUREMENT": 113.64102066509493}, "no_inputs": 30, "features": ["XFEL.DIAG/BPM/BPME.2363.SA1/Y.SA1", "XFEL.DIAG/BPM/BPME.2448.SA1/Y.SA1", "XFEL.DIAG/BPM/BPME.2278.SA1/Y.SA1", "XFEL.DIAG/BPM/BPME.2290.SA1/Y.SA1", "XFEL.DIAG/BEAM_ENERGY_MEASUREMENT/T4/ENERGY.SA1", "XFEL.DIAG/BPM/BPME.2448.SA1/X.SA1", "XFEL.DIAG/BPM/BPME.2369.SA1/Y.SA1", "XFEL.DIAG/BPM/BPME.2302.SA1/X.SA1", "XFEL.DIAG/BPM/BPME.2369.SA1/X.SA1", "XFEL.DIAG/BPM/BPME.2381.SA1/Y.SA1", "XFEL.DIAG/BPM/BPME.2400.SA1/X.SA1", "XFEL.DIAG/BPM/BPME.2381.SA1/X.SA1", "XFEL.DIAG/BPM/BPME.2320.SA1/X.SA1", "XFEL.DIAG/BPM/BPME.2442.SA1/X.SA1", "XFEL.DIAG/BPM/BPME.2430.SA1/X.SA1", "XFEL.DIAG/BPM/BPME.2363.SA1/X.SA1", "XFEL.DIAG/BPM/BPME.2436.SA1/X.SA1", "XFEL.DIAG/BPM/BPME.2442.SA1/Y.SA1", "XFEL.FEL/XGM.POSMON/XGM.2643.T9/IX.POS", "XFEL.DIAG/BPM/BPME.2436.SA1/Y.SA1", "XFEL.DIAG/BPM/BPME.2278.SA1/X.SA1", "XFEL.DIAG/BPM/BPME.2393.SA1/X.SA1", "XFEL.DIAG/BPM/BPME.2393.SA1/Y.SA1", "XFEL.DIAG/BPM/BPME.2400.SA1/Y.SA1", "XFEL.DIAG/BPM/BPME.2320.SA1/Y.SA1", "XFEL.DIAG/BPM/BPME.2430.SA1/Y.SA1", "XFEL.FEL/XGM.POSMON/XGM.2643.T9/IY.POS", "XFEL.DIAG/BPM/BPME.2302.SA1/Y.SA1", "XFEL.DIAG/BPM/BPME.2290.SA1/X.SA1", "XFEL.FEL/XGM/XGM.2643.T9/INTENSITY.SA1.TD"], "targets": ["XFEL.UTIL/DYNPROP/BEAM_PREDICT.SA1/BEAMSIZE_X_MEASUREMENT", "XFEL.UTIL/DYNPROP/BEAM_PREDICT.SA1/COM_X_MEASUREMENT", "XFEL.UTIL/DYNPROP/BEAM_PREDICT.SA1/COM_Y_MEASUREMENT", "XFEL.UTIL/DYNPROP/BEAM_PREDICT.SA1/BEAMSIZE_Y_MEASUREMENT"], "inputs_outputs": ["XFEL.DIAG/BPM/BPME.2363.SA1/Y.SA1", "XFEL.DIAG/BPM/BPME.2448.SA1/Y.SA1", "XFEL.DIAG/BPM/BPME.2278.SA1/Y.SA1", "XFEL.DIAG/BPM/BPME.2290.SA1/Y.SA1", "XFEL.DIAG/BEAM_ENERGY_MEASUREMENT/T4/ENERGY.SA1", "XFEL.DIAG/BPM/BPME.2448.SA1/X.SA1", "XFEL.DIAG/BPM/BPME.2369.SA1/Y.SA1", "XFEL.DIAG/BPM/BPME.2302.SA1/X.SA1", "XFEL.DIAG/BPM/BPME.2369.SA1/X.SA1", "XFEL.DIAG/BPM/BPME.2381.SA1/Y.SA1", "XFEL.DIAG/BPM/BPME.2400.SA1/X.SA1", "XFEL.DIAG/BPM/BPME.2381.SA1/X.SA1", "XFEL.DIAG/BPM/BPME.2320.SA1/X.SA1", "XFEL.DIAG/BPM/BPME.2442.SA1/X.SA1", "XFEL.DIAG/BPM/BPME.2430.SA1/X.SA1", "XFEL.DIAG/BPM/BPME.2363.SA1/X.SA1", "XFEL.DIAG/BPM/BPME.2436.SA1/X.SA1", "XFEL.DIAG/BPM/BPME.2442.SA1/Y.SA1", "XFEL.FEL/XGM.POSMON/XGM.2643.T9/IX.POS", "XFEL.DIAG/BPM/BPME.2436.SA1/Y.SA1", "XFEL.DIAG/BPM/BPME.2278.SA1/X.SA1", "XFEL.DIAG/BPM/BPME.2393.SA1/X.SA1", "XFEL.DIAG/BPM/BPME.2393.SA1/Y.SA1", "XFEL.DIAG/BPM/BPME.2400.SA1/Y.SA1", "XFEL.DIAG/BPM/BPME.2320.SA1/Y.SA1", "XFEL.DIAG/BPM/BPME.2430.SA1/Y.SA1", "XFEL.FEL/XGM.POSMON/XGM.2643.T9/IY.POS", "XFEL.DIAG/BPM/BPME.2302.SA1/Y.SA1", "XFEL.DIAG/BPM/BPME.2290.SA1/X.SA1", "XFEL.FEL/XGM/XGM.2643.T9/INTENSITY.SA1.TD", "XFEL.UTIL/DYNPROP/BEAM_PREDICT.SA1/BEAMSIZE_X_MEASUREMENT", "XFEL.UTIL/DYNPROP/BEAM_PREDICT.SA1/COM_X_MEASUREMENT", "XFEL.UTIL/DYNPROP/BEAM_PREDICT.SA1/COM_Y_MEASUREMENT", "XFEL.UTIL/DYNPROP/BEAM_PREDICT.SA1/BEAMSIZE_Y_MEASUREMENT"], "run": "2024-03-12", "training_start_datetime": "12/03/2024 12:20:55", "training_stop_datetime": "12/03/2024 12:51:35", "actual_epochs": 262, "early_stopping_patience": 4, "training_R2": 0.5249339807934412, "validation_R2": 0.5760798101312864, "batch_size": 64, "learning_rate": 0.1, "hidden_layers": 1, "hidden_nodes": 128, "label": "SA1-2024-03-12", "start_time": "2024-03-12 12:20:55.408411", "stop_time": "2024-03-12 12:51:35.021745"}