{"norm_min": {"XFEL.DIAG/BPM/BPME.2369.SA1/Y.SA1": 0.08470765446859731, "XFEL.DIAG/BPM/BPME.2400.SA1/Y.SA1": 0.1283666057544301, "XFEL.DIAG/BPM/BPME.2278.SA1/Y.SA1": -0.04460460828223835, "XFEL.DIAG/BPM/BPME.2393.SA1/X.SA1": -0.004429753040030715, "XFEL.DIAG/BPM/BPME.2363.SA1/X.SA1": -0.08502044488808436, "XFEL.DIAG/BPM/BPME.2369.SA1/X.SA1": -0.09237901951247567, "XFEL.DIAG/BPM/BPME.2436.SA1/Y.SA1": 0.012980896572393114, "XFEL.DIAG/BPM/BPME.2320.SA1/Y.SA1": 0.038630181539946615, "XFEL.DIAG/BPM/BPME.2381.SA1/Y.SA1": 0.1018042209537382, "XFEL.DIAG/BPM/BPME.2448.SA1/X.SA1": -0.11074630212426192, "XFEL.DIAG/BPM/BPME.2363.SA1/Y.SA1": 0.0649252378508819, "XFEL.DIAG/BPM/BPME.2278.SA1/X.SA1": 0.03124760050554473, "XFEL.FEL/XGM.POSMON/XGM.2643.T9/IY.POS": 0.11642992010737588, "XFEL.DIAG/BPM/BPME.2302.SA1/X.SA1": -0.04768730850920786, "XFEL.DIAG/BPM/BPME.2290.SA1/Y.SA1": -0.002698591066896054, "XFEL.DIAG/BPM/BPME.2381.SA1/X.SA1": -0.034189877221840005, "XFEL.DIAG/BEAM_ENERGY_MEASUREMENT/T4/ENERGY.SA1": 14046.140255158163, "XFEL.DIAG/BPM/BPME.2442.SA1/Y.SA1": -0.040895363953289916, "XFEL.DIAG/BPM/BPME.2430.SA1/Y.SA1": 0.09657369141986605, "XFEL.DIAG/BPM/BPME.2448.SA1/Y.SA1": -0.14867627685286877, "XFEL.DIAG/BPM/BPME.2302.SA1/Y.SA1": 0.010174352876611694, "XFEL.DIAG/BPM/BPME.2393.SA1/Y.SA1": 0.1353100770212717, "XFEL.FEL/XGM.POSMON/XGM.2643.T9/IX.POS": 2.516192506796029, "XFEL.UTIL/HIGH_LEVEL_STATUS/PHOTON_ENERGY.SA1/PHOTON_ENERGY_INPUT_1": 5652.30298886229, "XFEL.DIAG/BPM/BPME.2400.SA1/X.SA1": 0.06864570567096585, "XFEL.DIAG/BPM/BPME.2320.SA1/X.SA1": -0.10115664569696586, "XFEL.DIAG/BPM/BPME.2290.SA1/X.SA1": -0.03734521163104985, "XFEL.DIAG/BPM/BPME.2442.SA1/X.SA1": -0.02931434968091404, "XFEL.FEL/XGM/XGM.2643.T9/INTENSITY.SA1.TD": -481.8374630297036, "XFEL.DIAG/BPM/BPME.2436.SA1/X.SA1": -0.07801950152160768, "XFEL.DIAG/BPM/BPME.2430.SA1/X.SA1": -0.12550859564623817, "XFEL.UTIL/DYNPROP/BEAM_PREDICT.SA1/COM_Y_MEASUREMENT": 515.9557275526278, "XFEL.UTIL/DYNPROP/BEAM_PREDICT.SA1/COM_X_MEASUREMENT": 1381.1812084079268, "XFEL.UTIL/DYNPROP/BEAM_PREDICT.SA1/BEAMSIZE_Y_MEASUREMENT": 33.99298866031235, "XFEL.UTIL/DYNPROP/BEAM_PREDICT.SA1/BEAMSIZE_X_MEASUREMENT": 28.222208856567267}, "norm_max": {"XFEL.DIAG/BPM/BPME.2369.SA1/Y.SA1": 0.1378340205029832, "XFEL.DIAG/BPM/BPME.2400.SA1/Y.SA1": 0.21220798659748336, "XFEL.DIAG/BPM/BPME.2278.SA1/Y.SA1": 0.003993877634197574, "XFEL.DIAG/BPM/BPME.2393.SA1/X.SA1": 0.062184150432303666, "XFEL.DIAG/BPM/BPME.2363.SA1/X.SA1": -0.0029119853196449812, "XFEL.DIAG/BPM/BPME.2369.SA1/X.SA1": -0.0005309871298659532, "XFEL.DIAG/BPM/BPME.2436.SA1/Y.SA1": 0.08737270202227242, "XFEL.DIAG/BPM/BPME.2320.SA1/Y.SA1": 0.08208452762276548, "XFEL.DIAG/BPM/BPME.2381.SA1/Y.SA1": 0.16267966302319814, "XFEL.DIAG/BPM/BPME.2448.SA1/X.SA1": -0.044623486284017494, "XFEL.DIAG/BPM/BPME.2363.SA1/Y.SA1": 0.1283045566513764, "XFEL.DIAG/BPM/BPME.2278.SA1/X.SA1": 0.0834519122145633, "XFEL.FEL/XGM.POSMON/XGM.2643.T9/IY.POS": 0.6605962563452609, "XFEL.DIAG/BPM/BPME.2302.SA1/X.SA1": 0.008631320316649569, "XFEL.DIAG/BPM/BPME.2290.SA1/Y.SA1": 0.04814099342971954, "XFEL.DIAG/BPM/BPME.2381.SA1/X.SA1": 0.047610637853401284, "XFEL.DIAG/BEAM_ENERGY_MEASUREMENT/T4/ENERGY.SA1": 14073.498416716837, "XFEL.DIAG/BPM/BPME.2442.SA1/Y.SA1": 0.019304803278622558, "XFEL.DIAG/BPM/BPME.2430.SA1/Y.SA1": 0.16451363677570585, "XFEL.DIAG/BPM/BPME.2448.SA1/Y.SA1": -0.07695856625816945, "XFEL.DIAG/BPM/BPME.2302.SA1/Y.SA1": 0.06496175730996515, "XFEL.DIAG/BPM/BPME.2393.SA1/Y.SA1": 0.19909650747999477, "XFEL.FEL/XGM.POSMON/XGM.2643.T9/IX.POS": 3.3422166595400307, "XFEL.UTIL/HIGH_LEVEL_STATUS/PHOTON_ENERGY.SA1/PHOTON_ENERGY_INPUT_1": 7347.69701113771, "XFEL.DIAG/BPM/BPME.2400.SA1/X.SA1": 0.11974079421077853, "XFEL.DIAG/BPM/BPME.2320.SA1/X.SA1": -0.02178940804639657, "XFEL.DIAG/BPM/BPME.2290.SA1/X.SA1": 0.013985927826156352, "XFEL.DIAG/BPM/BPME.2442.SA1/X.SA1": 0.04356522420026219, "XFEL.FEL/XGM/XGM.2643.T9/INTENSITY.SA1.TD": 3671.9024850297037, "XFEL.DIAG/BPM/BPME.2436.SA1/X.SA1": -0.01776525203941222, "XFEL.DIAG/BPM/BPME.2430.SA1/X.SA1": -0.059708218633318114, "XFEL.UTIL/DYNPROP/BEAM_PREDICT.SA1/COM_Y_MEASUREMENT": 597.4513823028918, "XFEL.UTIL/DYNPROP/BEAM_PREDICT.SA1/COM_X_MEASUREMENT": 1489.7581662922373, "XFEL.UTIL/DYNPROP/BEAM_PREDICT.SA1/BEAMSIZE_Y_MEASUREMENT": 70.74542001067115, "XFEL.UTIL/DYNPROP/BEAM_PREDICT.SA1/BEAMSIZE_X_MEASUREMENT": 58.86695536935473}, "no_inputs": 31, "features": ["XFEL.DIAG/BPM/BPME.2369.SA1/Y.SA1", "XFEL.DIAG/BPM/BPME.2400.SA1/Y.SA1", "XFEL.DIAG/BPM/BPME.2278.SA1/Y.SA1", "XFEL.DIAG/BPM/BPME.2393.SA1/X.SA1", "XFEL.DIAG/BPM/BPME.2363.SA1/X.SA1", "XFEL.DIAG/BPM/BPME.2369.SA1/X.SA1", "XFEL.DIAG/BPM/BPME.2436.SA1/Y.SA1", "XFEL.DIAG/BPM/BPME.2320.SA1/Y.SA1", "XFEL.DIAG/BPM/BPME.2381.SA1/Y.SA1", "XFEL.DIAG/BPM/BPME.2448.SA1/X.SA1", "XFEL.DIAG/BPM/BPME.2363.SA1/Y.SA1", "XFEL.DIAG/BPM/BPME.2278.SA1/X.SA1", "XFEL.FEL/XGM.POSMON/XGM.2643.T9/IY.POS", "XFEL.DIAG/BPM/BPME.2302.SA1/X.SA1", "XFEL.DIAG/BPM/BPME.2381.SA1/X.SA1", "XFEL.DIAG/BPM/BPME.2290.SA1/Y.SA1", "XFEL.DIAG/BEAM_ENERGY_MEASUREMENT/T4/ENERGY.SA1", "XFEL.DIAG/BPM/BPME.2442.SA1/Y.SA1", "XFEL.DIAG/BPM/BPME.2430.SA1/Y.SA1", "XFEL.DIAG/BPM/BPME.2448.SA1/Y.SA1", "XFEL.DIAG/BPM/BPME.2302.SA1/Y.SA1", "XFEL.DIAG/BPM/BPME.2393.SA1/Y.SA1", "XFEL.FEL/XGM.POSMON/XGM.2643.T9/IX.POS", "XFEL.UTIL/HIGH_LEVEL_STATUS/PHOTON_ENERGY.SA1/PHOTON_ENERGY_INPUT_1", "XFEL.DIAG/BPM/BPME.2400.SA1/X.SA1", "XFEL.DIAG/BPM/BPME.2320.SA1/X.SA1", "XFEL.DIAG/BPM/BPME.2290.SA1/X.SA1", "XFEL.DIAG/BPM/BPME.2442.SA1/X.SA1", "XFEL.FEL/XGM/XGM.2643.T9/INTENSITY.SA1.TD", "XFEL.DIAG/BPM/BPME.2436.SA1/X.SA1", "XFEL.DIAG/BPM/BPME.2430.SA1/X.SA1"], "targets": ["XFEL.UTIL/DYNPROP/BEAM_PREDICT.SA1/COM_Y_MEASUREMENT", "XFEL.UTIL/DYNPROP/BEAM_PREDICT.SA1/COM_X_MEASUREMENT", "XFEL.UTIL/DYNPROP/BEAM_PREDICT.SA1/BEAMSIZE_Y_MEASUREMENT", "XFEL.UTIL/DYNPROP/BEAM_PREDICT.SA1/BEAMSIZE_X_MEASUREMENT"], "inputs_outputs": ["XFEL.DIAG/BPM/BPME.2369.SA1/Y.SA1", "XFEL.DIAG/BPM/BPME.2400.SA1/Y.SA1", "XFEL.DIAG/BPM/BPME.2278.SA1/Y.SA1", "XFEL.DIAG/BPM/BPME.2393.SA1/X.SA1", "XFEL.DIAG/BPM/BPME.2363.SA1/X.SA1", "XFEL.DIAG/BPM/BPME.2369.SA1/X.SA1", "XFEL.DIAG/BPM/BPME.2436.SA1/Y.SA1", "XFEL.DIAG/BPM/BPME.2320.SA1/Y.SA1", "XFEL.DIAG/BPM/BPME.2381.SA1/Y.SA1", "XFEL.DIAG/BPM/BPME.2448.SA1/X.SA1", "XFEL.DIAG/BPM/BPME.2363.SA1/Y.SA1", "XFEL.DIAG/BPM/BPME.2278.SA1/X.SA1", "XFEL.FEL/XGM.POSMON/XGM.2643.T9/IY.POS", "XFEL.DIAG/BPM/BPME.2302.SA1/X.SA1", "XFEL.DIAG/BPM/BPME.2381.SA1/X.SA1", "XFEL.DIAG/BPM/BPME.2290.SA1/Y.SA1", "XFEL.DIAG/BEAM_ENERGY_MEASUREMENT/T4/ENERGY.SA1", "XFEL.DIAG/BPM/BPME.2442.SA1/Y.SA1", "XFEL.DIAG/BPM/BPME.2430.SA1/Y.SA1", "XFEL.DIAG/BPM/BPME.2448.SA1/Y.SA1", "XFEL.DIAG/BPM/BPME.2302.SA1/Y.SA1", "XFEL.DIAG/BPM/BPME.2393.SA1/Y.SA1", "XFEL.FEL/XGM.POSMON/XGM.2643.T9/IX.POS", "XFEL.UTIL/HIGH_LEVEL_STATUS/PHOTON_ENERGY.SA1/PHOTON_ENERGY_INPUT_1", "XFEL.DIAG/BPM/BPME.2400.SA1/X.SA1", "XFEL.DIAG/BPM/BPME.2320.SA1/X.SA1", "XFEL.DIAG/BPM/BPME.2290.SA1/X.SA1", "XFEL.DIAG/BPM/BPME.2442.SA1/X.SA1", "XFEL.FEL/XGM/XGM.2643.T9/INTENSITY.SA1.TD", "XFEL.DIAG/BPM/BPME.2436.SA1/X.SA1", "XFEL.DIAG/BPM/BPME.2430.SA1/X.SA1", "XFEL.UTIL/DYNPROP/BEAM_PREDICT.SA1/COM_Y_MEASUREMENT", "XFEL.UTIL/DYNPROP/BEAM_PREDICT.SA1/COM_X_MEASUREMENT", "XFEL.UTIL/DYNPROP/BEAM_PREDICT.SA1/BEAMSIZE_Y_MEASUREMENT", "XFEL.UTIL/DYNPROP/BEAM_PREDICT.SA1/BEAMSIZE_X_MEASUREMENT"], "run": "2024-03-19", "training_start_datetime": "19/03/2024 13:32:03", "training_stop_datetime": "19/03/2024 13:37:13", "actual_epochs": 31, "early_stopping_patience": 4, "training_R2": 0.9438517057907381, "validation_R2": 0.972249046343525, "batch_size": 64, "learning_rate": 0.1, "momentum": 0.8, "hidden_layers": 2, "hidden_nodes": 128, "label": "SA1-2024-03-19", "start_time": "2024-03-19 13:32:03.364499", "stop_time": "2024-03-19 13:37:13.662715"}