{"norm_min": {"XFEL.DIAG/BPM/BPME.2393.SA1/Y.SA1": 0.11160858949566509, "XFEL.DIAG/BPM/BPME.2363.SA1/X.SA1": -0.09516423704722088, "XFEL.DIAG/BPM/BPME.2381.SA1/Y.SA1": 0.08539819638053484, "XFEL.DIAG/BEAM_ENERGY_MEASUREMENT/T4/ENERGY.SA1": 13770.34200708058, "XFEL.DIAG/BPM/BPME.2302.SA1/X.SA1": -0.062008438706974534, "XFEL.DIAG/BPM/BPME.2320.SA1/X.SA1": -0.10954118067898505, "XFEL.DIAG/BPM/BPME.2442.SA1/Y.SA1": -0.03904831768635717, "XFEL.DIAG/BPM/BPME.2436.SA1/X.SA1": -0.05301837293468572, "XFEL.DIAG/BPM/BPME.2381.SA1/X.SA1": -0.0381013421741543, "XFEL.DIAG/BPM/BPME.2302.SA1/Y.SA1": -0.0019045226378281033, "XFEL.DIAG/BPM/BPME.2369.SA1/Y.SA1": 0.06931628548824277, "XFEL.FEL/XGM/XGM.2643.T9/INTENSITY.SA1.TD": 1371.12444260027, "XFEL.DIAG/BPM/BPME.2320.SA1/Y.SA1": 0.017395318402056482, "XFEL.DIAG/BPM/BPME.2448.SA1/Y.SA1": -0.267942993062839, "XFEL.DIAG/BPM/BPME.2278.SA1/Y.SA1": -0.04959719411405635, "XFEL.DIAG/BPM/BPME.2400.SA1/Y.SA1": 0.09181411671363501, "XFEL.DIAG/BPM/BPME.2430.SA1/Y.SA1": 0.08357854694823896, "XFEL.DIAG/BPM/BPME.2430.SA1/X.SA1": -0.10343159132671531, "XFEL.FEL/XGM.POSMON/XGM.2643.T9/IX.POS": 2.9602241824066025, "XFEL.DIAG/BPM/BPME.2278.SA1/X.SA1": 0.0126906966443565, "XFEL.DIAG/BPM/BPME.2448.SA1/X.SA1": -0.12454040321125714, "XFEL.DIAG/BPM/BPME.2290.SA1/X.SA1": -0.049806812001403716, "XFEL.DIAG/BPM/BPME.2393.SA1/X.SA1": -0.006859427621722316, "XFEL.DIAG/BPM/BPME.2369.SA1/X.SA1": -0.09884364478376492, "XFEL.DIAG/BPM/BPME.2363.SA1/Y.SA1": 0.055231964462929994, "XFEL.DIAG/BPM/BPME.2436.SA1/Y.SA1": -0.008197417831238629, "XFEL.FEL/XGM.POSMON/XGM.2643.T9/IY.POS": 0.13223081420037874, "XFEL.DIAG/BPM/BPME.2442.SA1/X.SA1": -0.00039555418719966484, "XFEL.DIAG/BPM/BPME.2400.SA1/X.SA1": 0.06545082338448308, "XFEL.DIAG/BPM/BPME.2290.SA1/Y.SA1": -0.011293502564189914, "XFEL.UTIL/DYNPROP/BEAM_PREDICT.SA1/BEAMSIZE_X_MEASUREMENT": 14.764236939784322, "XFEL.UTIL/DYNPROP/BEAM_PREDICT.SA1/COM_X_MEASUREMENT": 1400.8435209779016, "XFEL.UTIL/DYNPROP/BEAM_PREDICT.SA1/BEAMSIZE_Y_MEASUREMENT": 16.17279940712475, "XFEL.UTIL/DYNPROP/BEAM_PREDICT.SA1/COM_Y_MEASUREMENT": 532.7121703153005}, "norm_max": {"XFEL.DIAG/BPM/BPME.2393.SA1/Y.SA1": 0.20936473229979846, "XFEL.DIAG/BPM/BPME.2363.SA1/X.SA1": -0.037247160946343734, "XFEL.DIAG/BPM/BPME.2381.SA1/Y.SA1": 0.13117668111999922, "XFEL.DIAG/BEAM_ENERGY_MEASUREMENT/T4/ENERGY.SA1": 13787.27127416942, "XFEL.DIAG/BPM/BPME.2302.SA1/X.SA1": -0.015544401406665295, "XFEL.DIAG/BPM/BPME.2320.SA1/X.SA1": -0.05515557234606988, "XFEL.DIAG/BPM/BPME.2442.SA1/Y.SA1": 0.01146558286313024, "XFEL.DIAG/BPM/BPME.2436.SA1/X.SA1": 0.0006935414489374261, "XFEL.DIAG/BPM/BPME.2381.SA1/X.SA1": 0.02502834484253504, "XFEL.DIAG/BPM/BPME.2302.SA1/Y.SA1": 0.05633405373524021, "XFEL.DIAG/BPM/BPME.2369.SA1/Y.SA1": 0.11199407017505679, "XFEL.FEL/XGM/XGM.2643.T9/INTENSITY.SA1.TD": 3213.76255739973, "XFEL.DIAG/BPM/BPME.2320.SA1/Y.SA1": 0.06855837916016123, "XFEL.DIAG/BPM/BPME.2448.SA1/Y.SA1": 0.019086567777499626, "XFEL.DIAG/BPM/BPME.2278.SA1/Y.SA1": -0.0015468395563690614, "XFEL.DIAG/BPM/BPME.2400.SA1/Y.SA1": 0.16476565492428155, "XFEL.DIAG/BPM/BPME.2430.SA1/Y.SA1": 0.13411053507824267, "XFEL.DIAG/BPM/BPME.2430.SA1/X.SA1": -0.042885235016821066, "XFEL.FEL/XGM.POSMON/XGM.2643.T9/IX.POS": 3.1505939652526993, "XFEL.DIAG/BPM/BPME.2278.SA1/X.SA1": 0.06771999247116779, "XFEL.DIAG/BPM/BPME.2448.SA1/X.SA1": -0.019119486486771413, "XFEL.DIAG/BPM/BPME.2290.SA1/X.SA1": 0.0031047995817030938, "XFEL.DIAG/BPM/BPME.2393.SA1/X.SA1": 0.052105730703234765, "XFEL.DIAG/BPM/BPME.2369.SA1/X.SA1": -0.030963469817370325, "XFEL.DIAG/BPM/BPME.2363.SA1/Y.SA1": 0.10669427526599762, "XFEL.DIAG/BPM/BPME.2436.SA1/Y.SA1": 0.05573036370259178, "XFEL.FEL/XGM.POSMON/XGM.2643.T9/IY.POS": 0.49429895390894285, "XFEL.DIAG/BPM/BPME.2442.SA1/X.SA1": 0.06561024773349483, "XFEL.DIAG/BPM/BPME.2400.SA1/X.SA1": 0.1129484414279864, "XFEL.DIAG/BPM/BPME.2290.SA1/Y.SA1": 0.040889011735675815, "XFEL.UTIL/DYNPROP/BEAM_PREDICT.SA1/BEAMSIZE_X_MEASUREMENT": 151.5973450513059, "XFEL.UTIL/DYNPROP/BEAM_PREDICT.SA1/COM_X_MEASUREMENT": 1451.3991746611398, "XFEL.UTIL/DYNPROP/BEAM_PREDICT.SA1/BEAMSIZE_Y_MEASUREMENT": 113.49875449014624, "XFEL.UTIL/DYNPROP/BEAM_PREDICT.SA1/COM_Y_MEASUREMENT": 594.6284985488749}, "no_inputs": 30, "features": ["XFEL.DIAG/BPM/BPME.2393.SA1/Y.SA1", "XFEL.DIAG/BPM/BPME.2363.SA1/X.SA1", "XFEL.DIAG/BPM/BPME.2381.SA1/Y.SA1", "XFEL.DIAG/BEAM_ENERGY_MEASUREMENT/T4/ENERGY.SA1", "XFEL.DIAG/BPM/BPME.2302.SA1/X.SA1", "XFEL.DIAG/BPM/BPME.2442.SA1/Y.SA1", "XFEL.DIAG/BPM/BPME.2320.SA1/X.SA1", "XFEL.DIAG/BPM/BPME.2436.SA1/X.SA1", "XFEL.DIAG/BPM/BPME.2381.SA1/X.SA1", "XFEL.DIAG/BPM/BPME.2302.SA1/Y.SA1", "XFEL.DIAG/BPM/BPME.2369.SA1/Y.SA1", "XFEL.FEL/XGM/XGM.2643.T9/INTENSITY.SA1.TD", "XFEL.DIAG/BPM/BPME.2320.SA1/Y.SA1", "XFEL.DIAG/BPM/BPME.2448.SA1/Y.SA1", "XFEL.DIAG/BPM/BPME.2278.SA1/Y.SA1", "XFEL.DIAG/BPM/BPME.2400.SA1/Y.SA1", "XFEL.DIAG/BPM/BPME.2430.SA1/Y.SA1", "XFEL.DIAG/BPM/BPME.2430.SA1/X.SA1", "XFEL.FEL/XGM.POSMON/XGM.2643.T9/IX.POS", "XFEL.DIAG/BPM/BPME.2278.SA1/X.SA1", "XFEL.DIAG/BPM/BPME.2448.SA1/X.SA1", "XFEL.DIAG/BPM/BPME.2290.SA1/X.SA1", "XFEL.DIAG/BPM/BPME.2393.SA1/X.SA1", "XFEL.DIAG/BPM/BPME.2369.SA1/X.SA1", "XFEL.DIAG/BPM/BPME.2363.SA1/Y.SA1", "XFEL.DIAG/BPM/BPME.2436.SA1/Y.SA1", "XFEL.FEL/XGM.POSMON/XGM.2643.T9/IY.POS", "XFEL.DIAG/BPM/BPME.2442.SA1/X.SA1", "XFEL.DIAG/BPM/BPME.2400.SA1/X.SA1", "XFEL.DIAG/BPM/BPME.2290.SA1/Y.SA1"], "targets": ["XFEL.UTIL/DYNPROP/BEAM_PREDICT.SA1/COM_X_MEASUREMENT", "XFEL.UTIL/DYNPROP/BEAM_PREDICT.SA1/BEAMSIZE_Y_MEASUREMENT", "XFEL.UTIL/DYNPROP/BEAM_PREDICT.SA1/COM_Y_MEASUREMENT", "XFEL.UTIL/DYNPROP/BEAM_PREDICT.SA1/BEAMSIZE_X_MEASUREMENT"], "inputs_outputs": ["XFEL.DIAG/BPM/BPME.2393.SA1/Y.SA1", "XFEL.DIAG/BPM/BPME.2363.SA1/X.SA1", "XFEL.DIAG/BPM/BPME.2381.SA1/Y.SA1", "XFEL.DIAG/BEAM_ENERGY_MEASUREMENT/T4/ENERGY.SA1", "XFEL.DIAG/BPM/BPME.2302.SA1/X.SA1", "XFEL.DIAG/BPM/BPME.2442.SA1/Y.SA1", "XFEL.DIAG/BPM/BPME.2320.SA1/X.SA1", "XFEL.DIAG/BPM/BPME.2436.SA1/X.SA1", "XFEL.DIAG/BPM/BPME.2381.SA1/X.SA1", "XFEL.DIAG/BPM/BPME.2302.SA1/Y.SA1", "XFEL.DIAG/BPM/BPME.2369.SA1/Y.SA1", "XFEL.FEL/XGM/XGM.2643.T9/INTENSITY.SA1.TD", "XFEL.DIAG/BPM/BPME.2320.SA1/Y.SA1", "XFEL.DIAG/BPM/BPME.2448.SA1/Y.SA1", "XFEL.DIAG/BPM/BPME.2278.SA1/Y.SA1", "XFEL.DIAG/BPM/BPME.2400.SA1/Y.SA1", "XFEL.DIAG/BPM/BPME.2430.SA1/Y.SA1", "XFEL.DIAG/BPM/BPME.2430.SA1/X.SA1", "XFEL.FEL/XGM.POSMON/XGM.2643.T9/IX.POS", "XFEL.DIAG/BPM/BPME.2278.SA1/X.SA1", "XFEL.DIAG/BPM/BPME.2448.SA1/X.SA1", "XFEL.DIAG/BPM/BPME.2290.SA1/X.SA1", "XFEL.DIAG/BPM/BPME.2393.SA1/X.SA1", "XFEL.DIAG/BPM/BPME.2369.SA1/X.SA1", "XFEL.DIAG/BPM/BPME.2363.SA1/Y.SA1", "XFEL.DIAG/BPM/BPME.2436.SA1/Y.SA1", "XFEL.FEL/XGM.POSMON/XGM.2643.T9/IY.POS", "XFEL.DIAG/BPM/BPME.2442.SA1/X.SA1", "XFEL.DIAG/BPM/BPME.2400.SA1/X.SA1", "XFEL.DIAG/BPM/BPME.2290.SA1/Y.SA1", "XFEL.UTIL/DYNPROP/BEAM_PREDICT.SA1/COM_X_MEASUREMENT", "XFEL.UTIL/DYNPROP/BEAM_PREDICT.SA1/BEAMSIZE_Y_MEASUREMENT", "XFEL.UTIL/DYNPROP/BEAM_PREDICT.SA1/COM_Y_MEASUREMENT", "XFEL.UTIL/DYNPROP/BEAM_PREDICT.SA1/BEAMSIZE_X_MEASUREMENT"], "run": "2024-03-12", "training_start_datetime": "18/03/2024 14:15:02", "training_stop_datetime": "18/03/2024 14:16:20", "actual_epochs": 55, "early_stopping_patience": 4, "training_R2": 0.5562254867878956, "validation_R2": 0.5475352929685668, "batch_size": 64, "learning_rate": 0.05, "momentum": 0.8, "hidden_layers": 1, "hidden_nodes": 128, "label": "SA1-2024-03-12", "start_time": "2024-03-18 14:15:02.799932", "stop_time": "2024-03-18 14:16:20.042136"}