{"norm_min": {"XFEL.DIAG/BPM/BPME.2381.SA1/X.SA1": 0.27713369762968265, "XFEL.DIAG/BPM/BPME.2302.SA1/X.SA1": 0.1100590346900182, "XFEL.DIAG/BPM/BPME.2278.SA1/Y.SA1": 0.11230341649833832, "XFEL.DIAG/BPM/BPME.2363.SA1/Y.SA1": 0.3981130139932914, "XFEL.FEL/XGM/XGM.2643.T9/X.SA1.TD": 1.0906683526046133, "XFEL.DIAG/BPM/BPME.2320.SA1/Y.SA1": 0.26860995399622145, "XFEL.DIAG/BPM/BPME.2381.SA1/Y.SA1": 0.46435508148150884, "XFEL.DIAG/BPM/BPME.2369.SA1/X.SA1": 0.22877181090143475, "XFEL.DIAG/BPM/BPME.2400.SA1/X.SA1": 0.38844222340070306, "XFEL.DIAG/BPM/BPME.2369.SA1/Y.SA1": 0.4275092869262437, "XFEL.FEL/XGM/XGM.2643.T9/Y.SA1.TD": -28.029775905019704, "XFEL.DIAG/BPM/BPME.2363.SA1/X.SA1": 0.21010700960210144, "XFEL.DIAG/BPM/BPME.2393.SA1/Y.SA1": 0.5427294498490467, "XFEL.FEL/XGM/XGM.2643.T9/INTENSITY.SA1.TD": 364.9436751348063, "XFEL.DIAG/BPM/BPME.2448.SA1/X.SA1": 0.41498450940377085, "XFEL.DIAG/BPM/BPME.2290.SA1/Y.SA1": 0.16416247505805637, "XFEL.DIAG/BPM/BPME.2442.SA1/Y.SA1": 0.5913571858638377, "XFEL.DIAG/BPM/BPME.2393.SA1/X.SA1": 0.3112956857008975, "XFEL.DIAG/BPM/BPME.2430.SA1/X.SA1": 0.27988703390097247, "XFEL.DIAG/BPM/BPME.2302.SA1/Y.SA1": 0.2054559956968624, "XFEL.DIAG/BPM/BPME.2290.SA1/X.SA1": 0.09700605165575708, "XFEL.DIAG/BPM/BPME.2430.SA1/Y.SA1": 0.6819269116392909, "XFEL.DIAG/BPM/BPME.2400.SA1/Y.SA1": 0.5580461285391944, "XFEL.DIAG/BPM/BPME.2442.SA1/X.SA1": 0.44960126691257607, "XFEL.DIAG/BEAM_ENERGY_MEASUREMENT/T4/ENERGY.SA1": 14053.839700934635, "XFEL.DIAG/BPM/BPME.2436.SA1/X.SA1": 0.36388105915189184, "XFEL.DIAG/BPM/BPME.2278.SA1/X.SA1": 0.11551269407128094, "XFEL.DIAG/BPM/BPME.2448.SA1/Y.SA1": 0.5159490499009548, "XFEL.DIAG/BPM/BPME.2436.SA1/Y.SA1": 0.6244429691963232, "XFEL.DIAG/BPM/BPME.2320.SA1/X.SA1": 0.1206286920553488, "XFEL.UTIL/DYNPROP/BEAM_PREDICT.SA1/SKEWNESS_Y_MEASUREMENT": 0.9838885378842581, "XFEL.UTIL/DYNPROP/BEAM_PREDICT.SA1/COM_X_MEASUREMENT": 1407.5780386987797, "XFEL.UTIL/DYNPROP/BEAM_PREDICT.SA1/SKEWNESS_X_MEASUREMENT": 1.0599471268183998, "XFEL.UTIL/DYNPROP/BEAM_PREDICT.SA1/COM_Y_MEASUREMENT": 560.1520872640364, "XFEL.UTIL/DYNPROP/BEAM_PREDICT.SA1/BEAMSIZE_X_MEASUREMENT": 35.64763752500183, "XFEL.UTIL/DYNPROP/BEAM_PREDICT.SA1/KURTOSIS_X_MEASUREMENT": 2.4693996948621195, "XFEL.UTIL/DYNPROP/BEAM_PREDICT.SA1/KURTOSIS_Y_MEASUREMENT": 2.264221037133368, "XFEL.UTIL/DYNPROP/BEAM_PREDICT.SA1/BEAMSIZE_Y_MEASUREMENT": 34.91265801540234}, "norm_max": {"XFEL.DIAG/BPM/BPME.2381.SA1/X.SA1": 0.3119835313551501, "XFEL.DIAG/BPM/BPME.2302.SA1/X.SA1": 0.14200953705633113, "XFEL.DIAG/BPM/BPME.2278.SA1/Y.SA1": 0.14696403288062898, "XFEL.DIAG/BPM/BPME.2363.SA1/Y.SA1": 0.4399410171403603, "XFEL.FEL/XGM/XGM.2643.T9/X.SA1.TD": 4.295254347395387, "XFEL.DIAG/BPM/BPME.2320.SA1/Y.SA1": 0.2877793182167607, "XFEL.DIAG/BPM/BPME.2381.SA1/Y.SA1": 0.5018272100262121, "XFEL.DIAG/BPM/BPME.2369.SA1/X.SA1": 0.26293801747533524, "XFEL.DIAG/BPM/BPME.2400.SA1/X.SA1": 0.4231176325372547, "XFEL.DIAG/BPM/BPME.2369.SA1/Y.SA1": 0.4625419885654708, "XFEL.FEL/XGM/XGM.2643.T9/Y.SA1.TD": 26.205879905019707, "XFEL.DIAG/BPM/BPME.2363.SA1/X.SA1": 0.23935124676176728, "XFEL.DIAG/BPM/BPME.2393.SA1/Y.SA1": 0.574882733244978, "XFEL.FEL/XGM/XGM.2643.T9/INTENSITY.SA1.TD": 2652.8556248651935, "XFEL.DIAG/BPM/BPME.2448.SA1/X.SA1": 0.44924880558722646, "XFEL.DIAG/BPM/BPME.2290.SA1/Y.SA1": 0.19766764026024197, "XFEL.DIAG/BPM/BPME.2442.SA1/Y.SA1": 0.6176920985943227, "XFEL.DIAG/BPM/BPME.2393.SA1/X.SA1": 0.3513712311463315, "XFEL.DIAG/BPM/BPME.2430.SA1/X.SA1": 0.32038469771409406, "XFEL.DIAG/BPM/BPME.2302.SA1/Y.SA1": 0.23348908911339455, "XFEL.DIAG/BPM/BPME.2290.SA1/X.SA1": 0.12661427367116246, "XFEL.DIAG/BPM/BPME.2430.SA1/Y.SA1": 0.7033199612626256, "XFEL.DIAG/BPM/BPME.2400.SA1/Y.SA1": 0.5948211886605126, "XFEL.DIAG/BPM/BPME.2442.SA1/X.SA1": 0.4892551261862551, "XFEL.DIAG/BEAM_ENERGY_MEASUREMENT/T4/ENERGY.SA1": 14070.219869377865, "XFEL.DIAG/BPM/BPME.2436.SA1/X.SA1": 0.3973689599215945, "XFEL.DIAG/BPM/BPME.2278.SA1/X.SA1": 0.14347038154746297, "XFEL.DIAG/BPM/BPME.2448.SA1/Y.SA1": 0.5522713866720738, "XFEL.DIAG/BPM/BPME.2436.SA1/Y.SA1": 0.6536429182357751, "XFEL.DIAG/BPM/BPME.2320.SA1/X.SA1": 0.16022975013196047, "XFEL.UTIL/DYNPROP/BEAM_PREDICT.SA1/SKEWNESS_Y_MEASUREMENT": 1.0923524236604523, "XFEL.UTIL/DYNPROP/BEAM_PREDICT.SA1/COM_X_MEASUREMENT": 1433.835941198672, "XFEL.UTIL/DYNPROP/BEAM_PREDICT.SA1/SKEWNESS_X_MEASUREMENT": 1.166645289656536, "XFEL.UTIL/DYNPROP/BEAM_PREDICT.SA1/COM_Y_MEASUREMENT": 610.1634861926115, "XFEL.UTIL/DYNPROP/BEAM_PREDICT.SA1/BEAMSIZE_X_MEASUREMENT": 43.67539958389979, "XFEL.UTIL/DYNPROP/BEAM_PREDICT.SA1/KURTOSIS_X_MEASUREMENT": 2.855432694264321, "XFEL.UTIL/DYNPROP/BEAM_PREDICT.SA1/KURTOSIS_Y_MEASUREMENT": 2.5629046758086917, "XFEL.UTIL/DYNPROP/BEAM_PREDICT.SA1/BEAMSIZE_Y_MEASUREMENT": 47.63919875880837}, "no_inputs": 30, "features": ["XFEL.DIAG/BPM/BPME.2381.SA1/X.SA1", "XFEL.DIAG/BPM/BPME.2302.SA1/X.SA1", "XFEL.DIAG/BPM/BPME.2278.SA1/Y.SA1", "XFEL.FEL/XGM/XGM.2643.T9/X.SA1.TD", "XFEL.DIAG/BPM/BPME.2363.SA1/Y.SA1", "XFEL.DIAG/BPM/BPME.2320.SA1/Y.SA1", "XFEL.DIAG/BPM/BPME.2381.SA1/Y.SA1", "XFEL.DIAG/BPM/BPME.2369.SA1/X.SA1", "XFEL.DIAG/BPM/BPME.2400.SA1/X.SA1", "XFEL.DIAG/BPM/BPME.2369.SA1/Y.SA1", "XFEL.FEL/XGM/XGM.2643.T9/Y.SA1.TD", "XFEL.DIAG/BPM/BPME.2363.SA1/X.SA1", "XFEL.DIAG/BPM/BPME.2393.SA1/Y.SA1", "XFEL.FEL/XGM/XGM.2643.T9/INTENSITY.SA1.TD", "XFEL.DIAG/BPM/BPME.2448.SA1/X.SA1", "XFEL.DIAG/BPM/BPME.2290.SA1/Y.SA1", "XFEL.DIAG/BPM/BPME.2442.SA1/Y.SA1", "XFEL.DIAG/BPM/BPME.2393.SA1/X.SA1", "XFEL.DIAG/BPM/BPME.2430.SA1/X.SA1", "XFEL.DIAG/BPM/BPME.2302.SA1/Y.SA1", "XFEL.DIAG/BPM/BPME.2290.SA1/X.SA1", "XFEL.DIAG/BPM/BPME.2430.SA1/Y.SA1", "XFEL.DIAG/BPM/BPME.2400.SA1/Y.SA1", "XFEL.DIAG/BPM/BPME.2442.SA1/X.SA1", "XFEL.DIAG/BEAM_ENERGY_MEASUREMENT/T4/ENERGY.SA1", "XFEL.DIAG/BPM/BPME.2436.SA1/X.SA1", "XFEL.DIAG/BPM/BPME.2278.SA1/X.SA1", "XFEL.DIAG/BPM/BPME.2448.SA1/Y.SA1", "XFEL.DIAG/BPM/BPME.2436.SA1/Y.SA1", "XFEL.DIAG/BPM/BPME.2320.SA1/X.SA1"], "targets": ["XFEL.UTIL/DYNPROP/BEAM_PREDICT.SA1/SKEWNESS_Y_MEASUREMENT", "XFEL.UTIL/DYNPROP/BEAM_PREDICT.SA1/COM_X_MEASUREMENT", "XFEL.UTIL/DYNPROP/BEAM_PREDICT.SA1/SKEWNESS_X_MEASUREMENT", "XFEL.UTIL/DYNPROP/BEAM_PREDICT.SA1/COM_Y_MEASUREMENT", "XFEL.UTIL/DYNPROP/BEAM_PREDICT.SA1/BEAMSIZE_X_MEASUREMENT", "XFEL.UTIL/DYNPROP/BEAM_PREDICT.SA1/KURTOSIS_X_MEASUREMENT", "XFEL.UTIL/DYNPROP/BEAM_PREDICT.SA1/KURTOSIS_Y_MEASUREMENT", "XFEL.UTIL/DYNPROP/BEAM_PREDICT.SA1/BEAMSIZE_Y_MEASUREMENT"],